data_sinal,prob_alta_proximo_pregao,real_alta_proximo_pregao,acertou,confianca
2017-09-12,0.480755,1,0,neutra
2017-09-13,0.537922,0,0,neutra
2017-09-14,0.53275,1,1,neutra
2017-09-15,0.469171,1,0,neutra
2017-09-18,0.453251,0,1,neutra
2017-09-19,0.472878,1,0,neutra
2017-09-20,0.615774,0,0,alta
2017-09-21,0.569396,0,0,neutra
2017-09-22,0.542889,0,0,neutra
2017-09-25,0.446673,0,1,neutra
2017-09-26,0.525984,0,0,neutra
2017-09-27,0.45598,0,1,neutra
2017-09-28,0.500093,1,1,neutra
2017-09-29,0.414583,1,0,neutra
2017-10-02,0.574963,1,1,neutra
2017-10-03,0.478726,0,1,neutra
2017-10-04,0.603554,1,1,alta
2017-10-05,0.544402,0,0,neutra
2017-10-06,0.624788,0,0,alta
2017-10-09,0.525485,1,1,neutra
2017-10-10,0.426719,0,1,neutra
2017-10-11,0.550359,0,0,neutra
2017-10-13,0.567896,0,0,neutra
2017-10-16,0.447164,0,1,neutra
2017-10-17,0.540333,1,1,neutra
2017-10-18,0.497264,0,1,neutra
2017-10-19,0.610826,1,1,alta
2017-10-20,0.401958,0,1,neutra
2017-10-23,0.466584,1,0,neutra
2017-10-24,0.370996,1,0,alta
2017-10-25,0.605941,0,0,alta
2017-10-26,0.480548,1,0,neutra
2017-10-27,0.511306,0,0,neutra
2017-10-30,0.539488,0,0,neutra
2017-10-31,0.518288,0,0,neutra
2017-11-01,0.478481,0,1,neutra
2017-11-03,0.444279,1,0,neutra
2017-11-06,0.450097,0,1,neutra
2017-11-07,0.627104,1,1,alta
2017-11-08,0.558664,0,0,neutra
2017-11-09,0.698662,0,0,alta
2017-11-10,0.645628,1,1,alta
2017-11-13,0.635171,0,0,alta
2017-11-14,0.731794,0,0,alta
2017-11-16,0.590921,1,1,neutra
2017-11-17,0.503993,0,0,neutra
2017-11-21,0.4933,0,1,neutra
2017-11-22,0.476258,0,1,neutra
2017-11-23,0.602266,0,0,alta
2017-11-24,0.549486,0,0,neutra
2017-11-27,0.547562,1,1,neutra
2017-11-28,0.464472,0,1,neutra
2017-11-29,0.527602,0,0,neutra
2017-11-30,0.315834,1,0,alta
2017-12-01,0.518623,1,1,neutra
2017-12-04,0.567418,0,0,neutra
2017-12-05,0.701539,1,1,alta
2017-12-06,0.763265,0,0,alta
2017-12-07,0.509883,1,1,neutra
2017-12-08,0.368633,1,0,alta
2017-12-11,0.438829,1,0,neutra
2017-12-12,0.528426,0,0,neutra
2017-12-13,0.491927,0,1,neutra
2017-12-14,0.574208,1,1,neutra
2017-12-15,0.57431,1,1,neutra
2017-12-18,0.392829,0,1,alta
2017-12-19,0.53915,1,1,neutra
2017-12-20,0.518462,1,1,neutra
2017-12-21,0.400284,1,0,neutra
2017-12-22,0.528116,0,0,neutra
2017-12-26,0.572185,1,1,neutra
2017-12-27,0.515053,1,1,neutra
2017-12-28,0.506743,0,0,neutra
2017-12-29,0.470998,0,1,neutra
2018-01-02,0.504815,1,1,neutra
2018-01-03,0.535574,1,1,neutra
2018-01-04,0.35864,1,0,alta
2018-01-05,0.399928,1,0,alta
2018-01-08,0.469764,0,1,neutra
2018-01-09,0.464686,0,1,neutra
2018-01-10,0.603453,1,1,alta
2018-01-11,0.423658,0,1,neutra
2018-01-12,0.333224,1,0,alta
2018-01-15,0.521399,1,1,neutra
2018-01-16,0.463863,1,0,neutra
2018-01-17,0.406146,0,1,neutra
2018-01-18,0.551396,1,1,neutra
2018-01-19,0.600167,1,1,alta
2018-01-22,0.447899,0,1,neutra
2018-01-23,0.460899,1,0,neutra
2018-01-24,0.341758,0,1,alta
2018-01-26,0.4636,0,1,neutra
2018-01-29,0.454904,0,1,neutra
2018-01-30,0.707156,1,1,alta
2018-01-31,0.628459,1,1,alta
2018-02-01,0.458871,0,1,neutra
2018-02-02,0.65813,0,0,alta
2018-02-05,0.052918,1,0,alta
2018-02-06,0.60173,0,0,alta
2018-02-07,0.830013,0,0,alta
2018-02-08,0.785191,0,0,alta
2018-02-09,0.703885,0,0,alta
2018-02-14,0.515477,1,1,neutra
2018-02-15,0.34612,1,0,alta
2018-02-16,0.501089,1,1,neutra
2018-02-19,0.482403,1,0,neutra
2018-02-20,0.476019,1,0,neutra
2018-02-21,0.552302,1,1,neutra
2018-02-22,0.524116,1,1,neutra
2018-02-23,0.428676,1,0,neutra
2018-02-26,0.500289,0,0,neutra
2018-02-27,0.620854,0,0,alta
2018-02-28,0.679605,0,0,alta
2018-03-01,0.542614,1,1,neutra
2018-03-02,0.53261,1,1,neutra
2018-03-05,0.508468,0,0,neutra
2018-03-06,0.557823,0,0,neutra
2018-03-07,0.604205,0,0,alta
2018-03-08,0.555927,1,1,neutra
2018-03-09,0.386744,1,0,alta
2018-03-12,0.487273,0,1,neutra
2018-03-13,0.570236,0,0,neutra
2018-03-14,0.565227,0,0,neutra
2018-03-15,0.600503,0,0,alta
2018-03-16,0.521662,0,0,neutra
2018-03-19,0.545278,1,1,neutra
2018-03-20,0.500953,1,1,neutra
2018-03-21,0.497511,0,1,neutra
2018-03-22,0.530952,0,0,neutra
2018-03-23,0.576668,1,1,neutra
2018-03-26,0.467526,0,1,neutra
2018-03-27,0.640684,1,1,alta
2018-03-28,0.602446,1,1,alta
2018-03-29,0.462867,0,1,neutra
2018-04-02,0.542369,0,0,neutra
2018-04-03,0.484941,0,1,neutra
2018-04-04,0.486994,1,0,neutra
2018-04-05,0.486488,0,1,neutra
2018-04-06,0.617557,0,0,alta
2018-04-09,0.49123,1,0,neutra
2018-04-10,0.357248,1,0,alta
2018-04-11,0.531253,1,1,neutra
2018-04-12,0.525674,0,0,neutra
2018-04-13,0.594583,0,0,neutra
2018-04-16,0.592829,1,1,neutra
2018-04-17,0.45202,1,0,neutra
2018-04-18,0.42184,1,0,neutra
2018-04-19,0.533185,0,0,neutra
2018-04-20,0.550431,1,1,neutra
2018-04-23,0.523217,0,0,neutra
2018-04-24,0.528337,0,0,neutra
2018-04-25,0.560552,1,1,neutra
2018-04-26,0.467298,1,0,neutra
2018-04-27,0.527071,0,0,neutra
2018-04-30,0.516218,0,0,neutra
2018-05-02,0.508408,0,0,neutra
2018-05-03,0.616571,0,0,alta
2018-05-04,0.572649,0,0,neutra
2018-05-07,0.507394,1,1,neutra
2018-05-08,0.513135,1,1,neutra
2018-05-09,0.437906,1,0,neutra
2018-05-10,0.43544,0,1,neutra
2018-05-11,0.518513,1,1,neutra
2018-05-14,0.464606,0,1,neutra
2018-05-15,0.490651,1,0,neutra
2018-05-16,0.45726,0,1,neutra
2018-05-17,0.633076,0,0,alta
2018-05-18,0.525652,0,0,neutra
2018-05-21,0.583367,1,1,neutra
2018-05-22,0.544899,0,0,neutra
2018-05-23,0.683864,0,0,alta
2018-05-24,0.577098,0,0,neutra
2018-05-25,0.576904,0,0,neutra
2018-05-28,0.744133,1,1,alta
2018-05-29,0.457209,1,0,neutra
2018-05-30,0.512314,0,0,neutra
2018-06-01,0.535885,1,1,neutra
2018-06-04,0.435798,0,1,neutra
2018-06-05,0.59488,0,0,neutra
2018-06-06,0.500647,0,0,neutra
2018-06-07,0.52746,0,0,neutra
2018-06-08,0.710313,0,0,alta
2018-06-11,0.601233,1,1,alta
2018-06-12,0.529711,0,0,neutra
2018-06-13,0.525838,0,0,neutra
2018-06-14,0.533691,0,0,neutra
2018-06-15,0.54382,0,0,neutra
2018-06-18,0.563982,1,1,neutra
2018-06-19,0.425683,1,0,neutra
2018-06-20,0.408405,0,1,neutra
2018-06-21,0.540512,1,1,neutra
2018-06-22,0.425043,1,0,neutra
2018-06-25,0.485076,1,0,neutra
2018-06-26,0.509089,0,0,neutra
2018-06-27,0.480204,1,0,neutra
2018-06-28,0.489347,1,0,neutra
2018-06-29,0.409505,1,0,neutra
2018-07-02,0.53612,1,1,neutra
2018-07-03,0.487207,1,0,neutra
2018-07-04,0.499356,0,1,neutra
2018-07-05,0.528339,1,1,neutra
2018-07-06,0.521263,0,0,neutra
2018-07-10,0.520853,0,0,neutra
2018-07-11,0.592082,1,1,neutra
2018-07-12,0.404396,1,0,neutra
2018-07-13,0.49006,1,0,neutra
2018-07-16,0.514923,1,1,neutra
2018-07-17,0.527035,0,0,neutra
2018-07-18,0.534367,1,1,neutra
2018-07-19,0.557833,1,1,neutra
2018-07-20,0.493417,0,1,neutra
2018-07-23,0.586743,1,1,neutra
2018-07-24,0.432038,1,0,neutra
2018-07-25,0.511221,0,0,neutra
2018-07-26,0.563911,1,1,neutra
2018-07-27,0.510073,1,1,neutra
2018-07-30,0.533258,0,0,neutra
2018-07-31,0.544332,1,1,neutra
2018-08-01,0.544486,1,1,neutra
2018-08-02,0.590503,1,1,neutra
2018-08-03,0.478772,0,1,neutra
2018-08-06,0.569902,0,0,neutra
2018-08-07,0.487007,0,1,neutra
2018-08-08,0.565922,0,0,neutra
2018-08-09,0.508247,0,0,neutra
2018-08-10,0.618193,1,1,alta
2018-08-13,0.49639,1,0,neutra
2018-08-14,0.50163,0,0,neutra
2018-08-15,0.64148,0,0,alta
2018-08-16,0.485623,0,1,neutra
2018-08-17,0.497831,1,0,neutra
2018-08-20,0.451667,0,1,neutra
2018-08-21,0.445961,1,0,neutra
2018-08-22,0.424151,0,1,neutra
2018-08-23,0.553551,1,1,neutra
2018-08-24,0.418999,1,0,neutra
2018-08-27,0.387314,0,1,alta
2018-08-28,0.494748,1,0,neutra
2018-08-29,0.465096,0,1,neutra
2018-08-30,0.60067,1,1,alta
2018-08-31,0.557449,0,0,neutra
2018-09-03,0.60213,0,0,alta
2018-09-04,0.553107,1,1,neutra
2018-09-05,0.537663,1,1,neutra
2018-09-06,0.49296,0,1,neutra
2018-09-10,0.514331,0,0,neutra
2018-09-11,0.565254,1,1,neutra
2018-09-12,0.465509,0,1,neutra
2018-09-13,0.463699,1,0,neutra
2018-09-14,0.468735,1,0,neutra
2018-09-17,0.459008,1,0,neutra
2018-09-18,0.43453,0,1,neutra
2018-09-19,0.516079,0,0,neutra
2018-09-20,0.498701,1,0,neutra
2018-09-21,0.420003,0,1,neutra
2018-09-24,0.600227,1,1,alta
2018-09-25,0.488382,1,0,neutra
2018-09-26,0.538546,1,1,neutra
2018-09-27,0.519145,0,0,neutra
2018-09-28,0.531186,0,0,neutra
2018-10-01,0.567149,1,1,neutra
2018-10-02,0.398029,1,0,alta
2018-10-03,0.489613,0,1,neutra
2018-10-04,0.569311,0,0,neutra
2018-10-05,0.561202,1,1,neutra
2018-10-08,0.385231,1,0,alta
2018-10-09,0.54025,0,0,neutra
2018-10-10,0.616462,0,0,alta
2018-10-11,0.608066,0,0,alta
2018-10-15,0.476203,1,0,neutra
2018-10-16,0.429258,1,0,neutra
2018-10-17,0.525097,0,0,neutra
2018-10-18,0.591455,1,1,neutra
2018-10-19,0.488431,1,0,neutra
2018-10-22,0.455306,0,1,neutra
2018-10-23,0.626964,0,0,alta
2018-10-24,0.566031,1,1,neutra
2018-10-25,0.562491,1,1,neutra
2018-10-26,0.492977,0,1,neutra
2018-10-29,0.600728,1,1,alta
2018-10-30,0.423874,1,0,neutra
2018-10-31,0.476611,1,0,neutra
2018-11-01,0.469009,0,1,neutra
2018-11-05,0.597116,0,0,neutra
2018-11-06,0.553013,0,0,neutra
2018-11-07,0.584631,0,0,neutra
2018-11-08,0.602492,1,1,alta
2018-11-09,0.615639,0,0,alta
2018-11-12,0.549148,0,0,neutra
2018-11-13,0.521987,1,1,neutra
2018-11-14,0.454463,0,1,neutra
2018-11-16,0.498602,0,1,neutra
2018-11-19,0.494085,0,1,neutra
2018-11-21,0.538797,1,1,neutra
2018-11-22,0.492077,0,1,neutra
2018-11-23,0.600191,0,0,alta
2018-11-26,0.565772,1,1,neutra
2018-11-27,0.426487,1,0,neutra
2018-11-28,0.414861,1,0,neutra
2018-11-29,0.495247,0,1,neutra
2018-11-30,0.547228,1,1,neutra
2018-12-03,0.484047,0,1,neutra
2018-12-04,0.499862,1,0,neutra
2018-12-05,0.506814,0,0,neutra
2018-12-06,0.520981,0,0,neutra
2018-12-07,0.453816,0,1,neutra
2018-12-10,0.646958,1,1,alta
2018-12-11,0.492389,1,0,neutra
2018-12-12,0.510389,1,1,neutra
2018-12-13,0.456798,0,1,neutra
2018-12-14,0.50122,0,0,neutra
2018-12-17,0.468121,1,0,neutra
2018-12-18,0.61312,0,0,alta
2018-12-19,0.455039,0,1,neutra
2018-12-20,0.521415,1,1,neutra
2018-12-21,0.464886,0,1,neutra
2018-12-26,0.513364,1,1,neutra
2018-12-27,0.563215,1,1,neutra
2018-12-28,0.379773,0,1,alta
2019-01-02,0.498447,1,0,neutra
2019-01-03,0.400155,1,0,neutra
2019-01-04,0.592155,0,0,neutra
2019-01-07,0.49909,1,0,neutra
2019-01-08,0.520372,1,1,neutra
2019-01-09,0.44641,1,0,neutra
2019-01-10,0.539013,0,0,neutra
2019-01-11,0.483442,1,0,neutra
2019-01-14,0.498088,0,1,neutra
2019-01-15,0.553377,1,1,neutra
2019-01-16,0.481662,1,0,neutra
2019-01-17,0.496147,1,0,neutra
2019-01-18,0.524537,0,0,neutra
2019-01-21,0.525537,0,0,neutra
2019-01-22,0.563332,1,1,neutra
2019-01-23,0.479208,1,0,neutra
2019-01-24,0.495681,0,1,neutra
2019-01-28,0.507483,1,1,neutra
2019-01-29,0.487759,1,0,neutra
2019-01-30,0.491384,1,0,neutra
2019-01-31,0.544113,1,1,neutra
2019-02-01,0.516409,1,1,neutra
2019-02-04,0.507298,0,0,neutra
2019-02-05,0.545362,0,0,neutra
2019-02-06,0.613312,0,0,alta
2019-02-07,0.506808,1,1,neutra
2019-02-08,0.482861,0,1,neutra
2019-02-11,0.566769,1,1,neutra
2019-02-12,0.520422,0,0,neutra
2019-02-13,0.51794,1,1,neutra
2019-02-14,0.438297,0,1,neutra
2019-02-15,0.529697,0,0,neutra
2019-02-18,0.570009,1,1,neutra
2019-02-19,0.44628,0,1,neutra
2019-02-20,0.51823,1,1,neutra
2019-02-21,0.507855,1,1,neutra
2019-02-22,0.461639,0,1,neutra
2019-02-25,0.587128,1,1,neutra
2019-02-26,0.502086,0,0,neutra
2019-02-27,0.526998,0,0,neutra
2019-02-28,0.553164,0,0,neutra
2019-03-01,0.589063,0,0,neutra
2019-03-06,0.463404,1,0,neutra
2019-03-07,0.491651,1,0,neutra
2019-03-08,0.469875,1,0,neutra
2019-03-11,0.449821,0,1,neutra
2019-03-12,0.515246,1,1,neutra
2019-03-13,0.458482,0,1,neutra
2019-03-14,0.533195,1,1,neutra
2019-03-15,0.498011,1,0,neutra
2019-03-18,0.528444,0,0,neutra
2019-03-19,0.526369,0,0,neutra
2019-03-20,0.572963,0,0,neutra
2019-03-21,0.603669,0,0,alta
2019-03-22,0.614507,0,0,alta
2019-03-25,0.510346,1,1,neutra
2019-03-26,0.463434,0,1,neutra
2019-03-27,0.5696,1,1,neutra
2019-03-28,0.438536,1,0,neutra
2019-03-29,0.415516,1,0,neutra
2019-04-01,0.552725,0,0,neutra
2019-04-02,0.541268,0,0,neutra
2019-04-03,0.507479,1,1,neutra
2019-04-04,0.486659,1,0,neutra
2019-04-05,0.48568,1,0,neutra
2019-04-08,0.489546,0,1,neutra
2019-04-09,0.539039,0,0,neutra
2019-04-10,0.528881,0,0,neutra
2019-04-11,0.572832,0,0,neutra
2019-04-12,0.525391,1,1,neutra
2019-04-15,0.547326,1,1,neutra
2019-04-16,0.47102,0,1,neutra
2019-04-17,0.520827,1,1,neutra
2019-04-18,0.495392,0,1,neutra
2019-04-22,0.512599,1,1,neutra
2019-04-23,0.490554,0,1,neutra
2019-04-24,0.505685,1,1,neutra
2019-04-25,0.507719,0,0,neutra
2019-04-26,0.512206,0,0,neutra
2019-04-29,0.555452,1,1,neutra
2019-04-30,0.500845,0,0,neutra
2019-05-02,0.534328,1,1,neutra
2019-05-03,0.506707,0,0,neutra
2019-05-06,0.527777,0,0,neutra
2019-05-07,0.579767,1,1,neutra
2019-05-08,0.47658,0,1,neutra
2019-05-09,0.477656,0,1,neutra
2019-05-10,0.540095,0,0,neutra
2019-05-13,0.608408,1,1,alta
2019-05-14,0.494717,0,1,neutra
2019-05-15,0.508268,0,0,neutra
2019-05-16,0.554734,0,0,neutra
2019-05-17,0.50359,1,1,neutra
2019-05-20,0.460848,1,0,neutra
2019-05-21,0.451174,0,1,neutra
2019-05-22,0.547625,0,0,neutra
2019-05-23,0.537124,0,0,neutra
2019-05-24,0.462815,1,0,neutra
2019-05-27,0.438408,1,0,neutra
2019-05-28,0.45691,1,0,neutra
2019-05-29,0.526467,1,1,neutra
2019-05-30,0.509259,0,0,neutra
2019-05-31,0.543393,0,0,neutra
2019-06-03,0.503294,1,1,neutra
2019-06-04,0.492811,0,1,neutra
2019-06-05,0.599508,1,1,neutra
2019-06-06,0.461028,1,0,neutra
2019-06-07,0.502854,0,0,neutra
2019-06-10,0.531446,1,1,neutra
2019-06-11,0.489799,0,1,neutra
2019-06-12,0.538138,1,1,neutra
2019-06-13,0.483602,0,1,neutra
2019-06-14,0.526909,0,0,neutra
2019-06-17,0.546625,1,1,neutra
2019-06-18,0.418947,1,0,neutra
2019-06-19,0.527703,0,0,neutra
2019-06-21,0.490532,1,0,neutra
2019-06-24,0.502572,0,0,neutra
2019-06-25,0.524749,1,1,neutra
2019-06-26,0.495577,1,0,neutra
2019-06-27,0.538793,1,1,neutra
2019-06-28,0.497626,1,0,neutra
2019-07-01,0.580839,0,0,neutra
2019-07-02,0.562903,1,1,neutra
2019-07-03,0.433923,1,0,neutra
2019-07-04,0.451803,1,0,neutra
2019-07-05,0.492263,1,0,neutra
2019-07-08,0.492045,0,1,neutra
2019-07-10,0.444745,0,1,neutra
2019-07-11,0.550641,0,0,neutra
2019-07-12,0.548175,0,0,neutra
2019-07-15,0.517735,0,0,neutra
2019-07-16,0.575528,1,1,neutra
2019-07-17,0.527356,1,1,neutra
2019-07-18,0.511608,0,0,neutra
2019-07-19,0.547608,1,1,neutra
2019-07-22,0.503031,0,0,neutra
2019-07-23,0.53616,1,1,neutra
2019-07-24,0.518869,0,0,neutra
2019-07-25,0.561237,1,1,neutra
2019-07-26,0.525222,1,1,neutra
2019-07-29,0.469621,0,1,neutra
2019-07-30,0.560561,0,0,neutra
2019-07-31,0.56182,1,1,neutra
2019-08-01,0.577625,1,1,neutra
2019-08-02,0.472052,0,1,neutra
2019-08-05,0.606858,1,1,alta
2019-08-06,0.442893,1,0,neutra
2019-08-07,0.541201,1,1,neutra
2019-08-08,0.464177,0,1,neutra
2019-08-09,0.475588,0,1,neutra
2019-08-12,0.57131,1,1,neutra
2019-08-13,0.388157,0,1,alta
2019-08-14,0.661548,0,0,alta
2019-08-15,0.60854,1,1,alta
2019-08-16,0.482945,0,1,neutra
2019-08-19,0.510418,0,0,neutra
2019-08-20,0.56325,1,1,neutra
2019-08-21,0.452418,0,1,neutra
2019-08-22,0.527534,0,0,neutra
2019-08-23,0.613808,0,0,alta
2019-08-26,0.555987,1,1,neutra
2019-08-27,0.487337,1,0,neutra
2019-08-28,0.463622,1,0,neutra
2019-08-29,0.455912,1,0,neutra
2019-08-30,0.568997,0,0,neutra
2019-09-02,0.495493,0,1,neutra
2019-09-03,0.530836,1,1,neutra
2019-09-04,0.389656,1,0,alta
2019-09-05,0.459671,1,0,neutra
2019-09-06,0.486915,1,0,neutra
2019-09-09,0.467819,0,1,neutra
2019-09-10,0.530014,1,1,neutra
2019-09-11,0.583244,1,1,neutra
2019-09-12,0.48779,0,1,neutra
2019-09-13,0.517805,1,1,neutra
2019-09-16,0.341621,1,0,alta
2019-09-17,0.539883,0,0,neutra
2019-09-18,0.53667,0,0,neutra
2019-09-19,0.503124,1,1,neutra
2019-09-20,0.563988,0,0,neutra
2019-09-23,0.486054,0,1,neutra
2019-09-24,0.584749,1,1,neutra
2019-09-25,0.505433,1,1,neutra
2019-09-26,0.512176,0,0,neutra
2019-09-27,0.536223,0,0,neutra
2019-09-30,0.552965,0,0,neutra
2019-10-01,0.561406,0,0,neutra
2019-10-02,0.57721,1,1,neutra
2019-10-03,0.493407,1,0,neutra
2019-10-04,0.47773,0,1,neutra
2019-10-07,0.559411,0,0,neutra
2019-10-08,0.583671,1,1,neutra
2019-10-09,0.459209,1,0,neutra
2019-10-10,0.463376,1,0,neutra
2019-10-11,0.454414,1,0,neutra
2019-10-14,0.49744,1,0,neutra
2019-10-15,0.505982,1,1,neutra
2019-10-16,0.522615,0,0,neutra
2019-10-17,0.485032,0,1,neutra
2019-10-18,0.519663,1,1,neutra
2019-10-21,0.478543,1,0,neutra
2019-10-22,0.504761,1,1,neutra
2019-10-23,0.460288,0,1,neutra
2019-10-24,0.512646,1,1,neutra
2019-10-25,0.50347,1,1,neutra
2019-10-28,0.507778,0,0,neutra
2019-10-29,0.515823,1,1,neutra
2019-10-30,0.500385,0,0,neutra
2019-10-31,0.553264,1,1,neutra
2019-11-01,0.484674,1,0,neutra
2019-11-04,0.526748,0,0,neutra
2019-11-05,0.534461,0,0,neutra
2019-11-06,0.515878,1,1,neutra
2019-11-07,0.501541,0,0,neutra
2019-11-08,0.557995,1,1,neutra
2019-11-11,0.513572,0,0,neutra
2019-11-12,0.583028,0,0,neutra
2019-11-13,0.524635,1,1,neutra
2019-11-14,0.507009,0,0,neutra
2019-11-18,0.532588,0,0,neutra
2019-11-19,0.566906,0,0,neutra
2019-11-21,0.519828,1,1,neutra
2019-11-22,0.492881,0,1,neutra
2019-11-25,0.53789,0,0,neutra
2019-11-26,0.538837,1,1,neutra
2019-11-27,0.514975,1,1,neutra
2019-11-28,0.504311,0,0,neutra
2019-11-29,0.480022,1,0,neutra
2019-12-02,0.537218,0,0,neutra
2019-12-03,0.526656,1,1,neutra
2019-12-04,0.438115,1,0,neutra
2019-12-05,0.503095,1,1,neutra
2019-12-06,0.503406,0,0,neutra
2019-12-09,0.499169,0,1,neutra
2019-12-10,0.517346,1,1,neutra
2019-12-11,0.519934,1,1,neutra
2019-12-12,0.497844,1,0,neutra
2019-12-13,0.500954,0,0,neutra
2019-12-16,0.538818,1,1,neutra
2019-12-17,0.476229,1,0,neutra
2019-12-18,0.474534,1,0,neutra
2019-12-19,0.48202,0,1,neutra
2019-12-20,0.539172,1,1,neutra
2019-12-23,0.499034,0,1,neutra
2019-12-26,0.51087,0,0,neutra
2019-12-27,0.513125,0,0,neutra
2019-12-30,0.515121,0,0,neutra
2020-01-02,0.51329,0,0,neutra
2020-01-03,0.528982,0,0,neutra
2020-01-06,0.517485,0,0,neutra
2020-01-07,0.550576,0,0,neutra
2020-01-08,0.556132,0,0,neutra
2020-01-09,0.5411,0,0,neutra
2020-01-10,0.521508,1,1,neutra
2020-01-13,0.441769,1,0,neutra
2020-01-14,0.520554,0,0,neutra
2020-01-15,0.519002,1,1,neutra
2020-01-16,0.530246,1,1,neutra
2020-01-17,0.496956,1,0,neutra
2020-01-20,0.494459,0,1,neutra
2020-01-21,0.569204,1,1,neutra
2020-01-22,0.53362,1,1,neutra
2020-01-23,0.511237,0,0,neutra
2020-01-24,0.591342,0,0,neutra
2020-01-27,0.631522,1,1,alta
2020-01-28,0.508759,0,0,neutra
2020-01-29,0.541098,1,1,neutra
2020-01-30,0.521706,0,0,neutra
2020-01-31,0.541151,1,1,neutra
2020-02-03,0.569718,1,1,neutra
2020-02-04,0.504679,1,1,neutra
2020-02-05,0.514065,0,0,neutra
2020-02-06,0.559805,0,0,neutra
2020-02-07,0.582506,0,0,neutra
2020-02-10,0.584443,1,1,neutra
2020-02-11,0.442531,1,0,neutra
2020-02-12,0.467376,0,1,neutra
2020-02-13,0.534005,0,0,neutra
2020-02-14,0.558429,1,1,neutra
2020-02-17,0.482007,0,1,neutra
2020-02-18,0.524129,1,1,neutra
2020-02-19,0.490758,0,1,neutra
2020-02-20,0.574313,0,0,neutra
2020-02-21,0.53113,0,0,neutra
2020-02-26,0.514494,0,0,neutra
2020-02-27,0.575431,1,1,neutra
2020-02-28,0.483095,1,0,neutra
2020-03-02,0.411104,0,1,neutra
2020-03-03,0.540947,1,1,neutra
2020-03-04,0.461308,0,1,neutra
2020-03-05,0.691407,0,0,alta
2020-03-06,0.646601,0,0,alta
2020-03-09,0.787267,1,1,alta
2020-03-10,0.365455,0,1,alta
2020-03-11,0.710736,0,0,alta
2020-03-12,0.777052,1,1,alta
2020-03-13,0.09761,0,1,alta
2020-03-16,0.665092,1,1,alta
2020-03-17,0.401332,0,1,neutra
2020-03-18,0.71292,1,1,alta
2020-03-19,0.294001,0,1,alta
2020-03-20,0.647334,0,0,alta
2020-03-23,0.553701,1,1,neutra
2020-03-24,0.087632,1,0,alta
2020-03-25,0.38319,1,0,alta
2020-03-26,0.589916,0,0,neutra
2020-03-27,0.729444,1,1,alta
2020-03-30,0.692563,0,0,alta
2020-03-31,0.643051,0,0,alta
2020-04-01,0.532017,1,1,neutra
2020-04-02,0.450083,0,1,neutra
2020-04-03,0.547142,1,1,neutra
2020-04-06,0.371555,1,0,alta
2020-04-07,0.517264,1,1,neutra
2020-04-08,0.470608,0,1,neutra
2020-04-09,0.524093,0,0,neutra
2020-04-13,0.471677,1,0,neutra
2020-04-14,0.536672,0,0,neutra
2020-04-15,0.591738,0,0,neutra
2020-04-16,0.487537,1,0,neutra
2020-04-17,0.450125,0,1,neutra
2020-04-20,0.54212,0,0,neutra
2020-04-22,0.352756,0,1,alta
2020-04-23,0.496374,0,1,neutra
2020-04-24,0.520765,1,1,neutra
2020-04-27,0.428764,1,0,neutra
2020-04-28,0.360064,1,0,alta
2020-04-29,0.274442,0,1,alta
2020-04-30,0.339563,0,1,alta
2020-05-04,0.382514,1,0,alta
2020-05-05,0.335461,0,1,alta
2020-05-06,0.481354,0,1,neutra
2020-05-07,0.495459,1,0,neutra
2020-05-08,0.42177,0,1,neutra
2020-05-11,0.475306,0,1,neutra
2020-05-12,0.654691,0,0,alta
2020-05-13,0.550287,1,1,neutra
2020-05-14,0.375716,0,1,alta
2020-05-15,0.480346,1,0,neutra
2020-05-18,0.298051,0,1,alta
2020-05-19,0.467957,1,0,neutra
2020-05-20,0.399361,1,0,alta
2020-05-21,0.412932,0,1,neutra
2020-05-22,0.430303,1,0,neutra
2020-05-25,0.341913,0,1,alta
2020-05-26,0.449751,1,0,neutra
2020-05-27,0.411093,0,1,neutra
2020-05-28,0.435745,1,0,neutra
2020-05-29,0.437744,1,0,neutra
2020-06-01,0.342023,1,0,alta
2020-06-02,0.386705,1,0,alta
2020-06-03,0.38204,1,0,alta
2020-06-04,0.397734,1,0,alta
2020-06-05,0.425985,1,0,neutra
2020-06-08,0.381557,0,1,alta
2020-06-09,0.41429,0,1,neutra
2020-06-10,0.462746,0,1,neutra
2020-06-12,0.399034,0,1,alta
2020-06-15,0.340657,1,0,alta
2020-06-16,0.486275,1,0,neutra
2020-06-17,0.414001,1,0,neutra
2020-06-18,0.41078,1,0,neutra
2020-06-19,0.512514,0,0,neutra
2020-06-22,0.419912,1,0,neutra
2020-06-23,0.481434,0,1,neutra
2020-06-24,0.52449,1,1,neutra
2020-06-25,0.450738,0,1,neutra
2020-06-26,0.562197,1,1,neutra
2020-06-29,0.396007,0,1,alta
2020-06-30,0.466687,1,0,neutra
2020-07-01,0.44189,1,0,neutra
2020-07-02,0.455419,1,0,neutra
2020-07-03,0.515662,1,1,neutra
2020-07-06,0.505259,0,0,neutra
2020-07-07,0.526928,1,1,neutra
2020-07-08,0.43347,0,1,neutra
2020-07-09,0.520125,1,1,neutra
2020-07-10,0.410624,0,1,neutra
2020-07-13,0.557868,1,1,neutra
2020-07-14,0.436038,1,0,neutra
2020-07-15,0.477909,0,1,neutra
2020-07-16,0.509685,1,1,neutra
2020-07-17,0.434288,1,0,neutra
2020-07-20,0.460393,0,1,neutra
2020-07-21,0.491587,0,1,neutra
2020-07-22,0.434798,0,1,neutra
2020-07-23,0.5524,1,1,neutra
2020-07-24,0.50439,1,1,neutra
2020-07-27,0.439694,0,1,neutra
2020-07-28,0.498235,1,0,neutra
2020-07-29,0.429985,0,1,neutra
2020-07-30,0.512831,0,0,neutra
2020-07-31,0.502233,0,0,neutra
2020-08-03,0.517775,0,0,neutra
2020-08-04,0.587056,1,1,neutra
2020-08-05,0.447818,1,0,neutra
2020-08-06,0.460778,0,1,neutra
2020-08-07,0.574505,1,1,neutra
2020-08-10,0.482606,0,1,neutra
2020-08-11,0.598355,0,0,neutra
2020-08-12,0.479976,0,1,neutra
2020-08-13,0.615913,1,1,alta
2020-08-14,0.454909,0,1,neutra
2020-08-17,0.548845,1,1,neutra
2020-08-18,0.436908,0,1,neutra
2020-08-19,0.522851,1,1,neutra
2020-08-20,0.479582,1,0,neutra
2020-08-21,0.555171,1,1,neutra
2020-08-24,0.521643,0,0,neutra
2020-08-25,0.529699,0,0,neutra
2020-08-26,0.523462,0,0,neutra
2020-08-27,0.536965,1,1,neutra
2020-08-28,0.443378,0,1,neutra
2020-08-31,0.49421,1,0,neutra
2020-09-01,0.458889,0,1,neutra
2020-09-02,0.498543,0,1,neutra
2020-09-03,0.593445,1,1,neutra
2020-09-04,0.451362,0,1,neutra
2020-09-08,0.523216,1,1,neutra
2020-09-09,0.427056,0,1,neutra
2020-09-10,0.631557,0,0,alta
2020-09-11,0.523093,1,1,neutra
2020-09-14,0.447151,1,0,neutra
2020-09-15,0.473859,0,1,neutra
2020-09-16,0.507498,1,1,neutra
2020-09-17,0.461521,0,1,neutra
2020-09-18,0.570104,0,0,neutra
2020-09-21,0.649463,1,1,alta
2020-09-22,0.470052,0,1,neutra
2020-09-23,0.642958,1,1,alta
2020-09-24,0.474972,0,1,neutra
2020-09-25,0.479334,0,1,neutra
2020-09-28,0.579913,0,0,neutra
2020-09-29,0.598778,1,1,neutra
2020-09-30,0.448999,1,0,neutra
2020-10-01,0.55226,0,0,neutra
2020-10-02,0.569216,1,1,neutra
2020-10-05,0.41925,0,1,neutra
2020-10-06,0.525342,0,0,neutra
2020-10-07,0.503756,1,1,neutra
2020-10-08,0.418201,0,1,neutra
2020-10-09,0.49213,0,1,neutra
2020-10-13,0.52919,1,1,neutra
2020-10-14,0.491228,0,1,neutra
2020-10-15,0.511727,0,0,neutra
2020-10-16,0.551171,1,1,neutra
2020-10-19,0.57362,1,1,neutra
2020-10-20,0.413095,1,0,neutra
2020-10-21,0.541759,1,1,neutra
2020-10-22,0.452045,0,1,neutra
2020-10-23,0.532988,0,0,neutra
2020-10-26,0.593358,0,0,neutra
2020-10-27,0.522326,0,0,neutra
2020-10-28,0.721897,1,1,alta
2020-10-29,0.484134,0,1,neutra
2020-10-30,0.551647,0,0,neutra
2020-11-03,0.474459,1,0,neutra
2020-11-04,0.367191,1,0,alta
2020-11-05,0.434651,1,0,neutra
2020-11-06,0.491845,1,0,neutra
2020-11-09,0.339462,1,0,alta
2020-11-10,0.467013,0,1,neutra
2020-11-11,0.531655,0,0,neutra
2020-11-12,0.551633,1,1,neutra
2020-11-13,0.426888,1,0,neutra
2020-11-16,0.448556,1,0,neutra
2020-11-17,0.487668,0,1,neutra
2020-11-18,0.492141,1,0,neutra
2020-11-19,0.48932,0,1,neutra
2020-11-23,0.521652,1,1,neutra
2020-11-24,0.411862,1,0,neutra
2020-11-25,0.47339,1,0,neutra
2020-11-26,0.514787,1,1,neutra
2020-11-27,0.498627,0,1,neutra
2020-11-30,0.487358,1,0,neutra
2020-12-01,0.45156,1,0,neutra
2020-12-02,0.447988,1,0,neutra
2020-12-03,0.482765,1,0,neutra
2020-12-04,0.453707,0,1,neutra
2020-12-07,0.490451,0,1,neutra
2020-12-08,0.4652,0,1,neutra
2020-12-09,0.586903,1,1,neutra
2020-12-10,0.437049,1,0,neutra
2020-12-11,0.477506,0,1,neutra
2020-12-14,0.513052,1,1,neutra
2020-12-15,0.447687,1,0,neutra
2020-12-16,0.464039,1,0,neutra
2020-12-17,0.496338,0,1,neutra
2020-12-18,0.484347,0,1,neutra
2020-12-21,0.552569,1,1,neutra
2020-12-22,0.487913,1,0,neutra
2020-12-23,0.497061,0,1,neutra
2020-12-28,0.516595,1,1,neutra
2020-12-29,0.561085,0,0,neutra
2020-12-30,0.535912,0,0,neutra
2021-01-04,0.509224,1,1,neutra
2021-01-05,0.483459,1,0,neutra
2021-01-06,0.471878,1,0,neutra
2021-01-07,0.471574,1,0,neutra
2021-01-08,0.514806,0,0,neutra
2021-01-11,0.546663,1,1,neutra
2021-01-12,0.476426,0,1,neutra
2021-01-13,0.498605,1,0,neutra
2021-01-14,0.477297,0,1,neutra
2021-01-15,0.553628,1,1,neutra
2021-01-18,0.493946,0,1,neutra
2021-01-19,0.591481,0,0,neutra
2021-01-20,0.531299,0,0,neutra
2021-01-21,0.554541,0,0,neutra
2021-01-22,0.557241,0,0,neutra
2021-01-26,0.48645,0,1,neutra
2021-01-27,0.573729,1,1,neutra
2021-01-28,0.379376,0,1,alta
2021-01-29,0.542656,1,1,neutra
2021-02-01,0.511998,1,1,neutra
2021-02-02,0.475726,1,0,neutra
2021-02-03,0.458168,0,1,neutra
2021-02-04,0.466265,1,0,neutra
2021-02-05,0.522674,0,0,neutra
2021-02-08,0.50417,0,0,neutra
2021-02-09,0.510217,0,0,neutra
2021-02-10,0.560847,1,1,neutra
2021-02-11,0.51714,0,0,neutra
2021-02-12,0.499834,0,1,neutra
2021-02-17,0.51614,0,0,neutra
2021-02-18,0.514088,0,0,neutra
2021-02-19,0.507601,0,0,neutra
2021-02-22,0.577483,1,1,neutra
2021-02-23,0.468576,1,0,neutra
2021-02-24,0.380052,0,1,alta
2021-02-25,0.697732,0,0,alta
2021-02-26,0.53815,1,1,neutra
2021-03-01,0.549539,1,1,neutra
2021-03-02,0.474548,0,1,neutra
2021-03-03,0.605813,1,1,alta
2021-03-04,0.46865,1,0,neutra
2021-03-05,0.385162,0,1,alta
2021-03-08,0.598423,1,1,neutra
2021-03-09,0.555028,1,1,neutra
2021-03-10,0.442119,1,0,neutra
2021-03-11,0.406094,0,1,neutra
2021-03-12,0.510724,1,1,neutra
2021-03-15,0.495892,0,1,neutra
2021-03-16,0.613046,1,1,alta
2021-03-17,0.431794,0,1,neutra
2021-03-18,0.657127,1,1,alta
2021-03-19,0.422119,0,1,neutra
2021-03-22,0.467703,0,1,neutra
2021-03-23,0.610611,0,0,alta
2021-03-24,0.484137,1,0,neutra
2021-03-25,0.566043,1,1,neutra
2021-03-26,0.449692,1,0,neutra
2021-03-29,0.545251,1,1,neutra
2021-03-30,0.553446,0,0,neutra
2021-03-31,0.47252,0,1,neutra
2021-04-01,0.51199,0,0,neutra
2021-04-05,0.525852,0,0,neutra
2021-04-06,0.483122,1,0,neutra
2021-04-07,0.51718,1,1,neutra
2021-04-08,0.48984,0,1,neutra
2021-04-09,0.525299,1,1,neutra
2021-04-12,0.5113,1,1,neutra
2021-04-13,0.519023,1,1,neutra
2021-04-14,0.433674,1,0,neutra
2021-04-15,0.434492,1,0,neutra
2021-04-16,0.520732,0,0,neutra
2021-04-19,0.486784,0,1,neutra
2021-04-20,0.529144,0,0,neutra
2021-04-22,0.566391,1,1,neutra
2021-04-23,0.409451,1,0,neutra
2021-04-26,0.494721,0,1,neutra
2021-04-27,0.412014,1,0,neutra
2021-04-28,0.514176,0,0,neutra
2021-04-29,0.496448,0,1,neutra
2021-04-30,0.556655,1,1,neutra
2021-05-03,0.489084,0,1,neutra
2021-05-04,0.557443,1,1,neutra
2021-05-05,0.472403,1,0,neutra
2021-05-06,0.447931,1,0,neutra
2021-05-07,0.393759,0,1,alta
2021-05-10,0.547785,1,1,neutra
2021-05-11,0.408894,0,1,neutra
2021-05-12,0.607938,1,1,alta
2021-05-13,0.453752,1,0,neutra
2021-05-14,0.491596,1,0,neutra
2021-05-17,0.449343,1,0,neutra
2021-05-18,0.56585,0,0,neutra
2021-05-19,0.568034,1,1,neutra
2021-05-20,0.519382,0,0,neutra
2021-05-21,0.549814,1,1,neutra
2021-05-24,0.448534,0,1,neutra
2021-05-25,0.563638,1,1,neutra
2021-05-26,0.506648,1,1,neutra
2021-05-27,0.440177,1,0,neutra
2021-05-28,0.495062,1,0,neutra
2021-05-31,0.49405,1,0,neutra
2021-06-01,0.490276,1,0,neutra
2021-06-02,0.469108,0,1,neutra
2021-06-04,0.433095,1,0,neutra
2021-06-07,0.490448,0,1,neutra
2021-06-08,0.511449,1,1,neutra
2021-06-09,0.510477,1,1,neutra
2021-06-10,0.522558,0,0,neutra
2021-06-11,0.545487,1,1,neutra
2021-06-14,0.522618,0,0,neutra
2021-06-15,0.559212,0,0,neutra
2021-06-16,0.546341,0,0,neutra
2021-06-17,0.611215,1,1,alta
2021-06-18,0.544857,1,1,neutra
2021-06-21,0.410034,0,1,neutra
2021-06-22,0.513243,0,0,neutra
2021-06-23,0.507233,1,1,neutra
2021-06-24,0.491638,0,1,neutra
2021-06-25,0.567782,1,1,neutra
2021-06-28,0.531941,0,0,neutra
2021-06-29,0.511049,0,0,neutra
2021-06-30,0.544983,0,0,neutra
2021-07-01,0.557833,1,1,neutra
2021-07-02,0.468411,0,1,neutra
2021-07-05,0.52399,0,0,neutra
2021-07-06,0.552289,1,1,neutra
2021-07-07,0.473488,0,1,neutra
2021-07-08,0.516291,0,0,neutra
2021-07-12,0.563213,1,1,neutra
2021-07-13,0.552005,1,1,neutra
2021-07-14,0.491329,0,1,neutra
2021-07-15,0.541805,0,0,neutra
2021-07-16,0.55998,0,0,neutra
2021-07-19,0.618427,1,1,alta
2021-07-20,0.460958,1,0,neutra
2021-07-21,0.456693,1,0,neutra
2021-07-22,0.523937,0,0,neutra
2021-07-23,0.503152,1,1,neutra
2021-07-26,0.377095,0,1,alta
2021-07-27,0.512313,1,1,neutra
2021-07-28,0.494142,0,1,neutra
2021-07-29,0.52163,0,0,neutra
2021-07-30,0.583587,1,1,neutra
2021-08-02,0.602632,1,1,alta
2021-08-03,0.498618,0,1,neutra
2021-08-04,0.628927,0,0,alta
2021-08-05,0.502414,1,1,neutra
2021-08-06,0.535565,1,1,neutra
2021-08-09,0.554859,0,0,neutra
2021-08-10,0.51612,0,0,neutra
2021-08-11,0.500596,0,0,neutra
2021-08-12,0.551297,1,1,neutra
2021-08-13,0.476432,0,1,neutra
2021-08-16,0.568668,0,0,neutra
2021-08-17,0.601096,0,0,alta
2021-08-18,0.641283,1,1,alta
2021-08-19,0.537818,1,1,neutra
2021-08-20,0.432263,0,1,neutra
2021-08-23,0.47638,1,0,neutra
2021-08-24,0.470709,1,0,neutra
2021-08-25,0.446487,0,1,neutra
2021-08-26,0.564063,1,1,neutra
2021-08-27,0.405887,0,1,neutra
2021-08-30,0.507913,0,0,neutra
2021-08-31,0.586461,1,1,neutra
2021-09-01,0.548008,0,0,neutra
2021-09-02,0.544432,1,1,neutra
2021-09-03,0.535409,1,1,neutra
2021-09-06,0.547698,0,0,neutra
2021-09-08,0.581708,1,1,neutra
2021-09-09,0.431965,0,1,neutra
2021-09-10,0.522072,1,1,neutra
2021-09-13,0.462297,0,1,neutra
2021-09-14,0.529536,0,0,neutra
2021-09-15,0.457708,0,1,neutra
2021-09-16,0.553395,0,0,neutra
2021-09-17,0.647551,0,0,alta
2021-09-20,0.633774,1,1,alta
2021-09-21,0.491329,1,0,neutra
2021-09-22,0.411662,1,0,neutra
2021-09-23,0.440259,0,1,neutra
2021-09-24,0.502326,1,1,neutra
2021-09-27,0.510984,0,0,neutra
2021-09-28,0.658368,1,1,alta
2021-09-29,0.502773,0,0,neutra
2021-09-30,0.555186,1,1,neutra
2021-10-01,0.365143,0,1,alta
2021-10-04,0.542115,1,1,neutra
2021-10-05,0.497657,1,0,neutra
2021-10-06,0.496698,1,0,neutra
2021-10-07,0.549596,1,1,neutra
2021-10-08,0.479771,0,1,neutra
2021-10-11,0.574694,0,0,neutra
2021-10-13,0.434988,0,1,neutra
2021-10-14,0.493947,1,0,neutra
2021-10-15,0.459313,0,1,neutra
2021-10-18,0.523118,0,0,neutra
2021-10-19,0.640022,1,1,alta
2021-10-20,0.512448,0,0,neutra
2021-10-21,0.639559,0,0,alta
2021-10-22,0.585123,1,1,neutra
2021-10-25,0.448657,0,1,neutra
2021-10-26,0.605867,0,0,alta
2021-10-27,0.524753,0,0,neutra
2021-10-28,0.473473,0,1,neutra
2021-10-29,0.61737,1,1,alta
2021-11-01,0.476246,0,1,neutra
2021-11-03,0.466004,0,1,neutra
2021-11-04,0.581385,1,1,neutra
2021-11-05,0.4305,0,1,neutra
2021-11-08,0.454792,1,0,neutra
2021-11-09,0.478326,1,0,neutra
2021-11-10,0.551955,1,1,neutra
2021-11-11,0.465016,0,1,neutra
2021-11-12,0.546234,0,0,neutra
2021-11-16,0.578516,0,0,neutra
2021-11-17,0.56319,0,0,neutra
2021-11-18,0.493988,1,0,neutra
2021-11-19,0.534676,0,0,neutra
2021-11-22,0.577499,1,1,neutra
2021-11-23,0.433391,1,0,neutra
2021-11-24,0.481361,1,0,neutra
2021-11-25,0.492578,0,1,neutra
2021-11-26,0.467005,1,0,neutra
2021-11-29,0.432036,0,1,neutra
2021-11-30,0.501382,0,0,neutra
2021-12-01,0.615022,1,1,alta
2021-12-02,0.408255,1,0,neutra
2021-12-03,0.513655,1,1,neutra
2021-12-06,0.3878,1,0,alta
2021-12-07,0.491374,1,0,neutra
2021-12-08,0.430599,0,1,neutra
2021-12-09,0.600659,1,1,alta
2021-12-10,0.42086,0,1,neutra
2021-12-13,0.561298,0,0,neutra
2021-12-14,0.541389,1,1,neutra
2021-12-15,0.472239,1,0,neutra
2021-12-16,0.472254,0,1,neutra
2021-12-17,0.546416,0,0,neutra
2021-12-20,0.521837,1,1,neutra
2021-12-21,0.524242,0,0,neutra
2021-12-22,0.465764,0,1,neutra
2021-12-23,0.517059,0,0,neutra
2021-12-27,0.501647,0,0,neutra
2021-12-28,0.547857,0,0,neutra
2021-12-29,0.503726,1,1,neutra
2021-12-30,0.466922,0,1,neutra
2022-01-03,0.565067,0,0,neutra
2022-01-04,0.529328,0,0,neutra
2022-01-05,0.561174,1,1,neutra
2022-01-06,0.469842,1,0,neutra
2022-01-07,0.472097,0,1,neutra
2022-01-10,0.563683,1,1,neutra
2022-01-11,0.390016,1,0,alta
2022-01-12,0.416325,0,1,neutra
2022-01-13,0.49111,1,0,neutra
2022-01-14,0.468872,0,1,neutra
2022-01-17,0.483064,0,1,neutra
2022-01-18,0.48228,1,0,neutra
2022-01-19,0.378431,1,0,alta
2022-01-20,0.508895,0,0,neutra
2022-01-21,0.522827,0,0,neutra
2022-01-24,0.580523,1,1,neutra
2022-01-25,0.363978,1,0,alta
2022-01-26,0.452531,1,0,neutra
2022-01-27,0.420954,0,1,neutra
2022-01-28,0.543446,1,1,neutra
2022-01-31,0.413459,1,0,neutra
2022-02-01,0.397167,0,1,alta
2022-02-02,0.503968,0,0,neutra
2022-02-03,0.510783,1,1,neutra
2022-02-04,0.543398,0,0,neutra
2022-02-07,0.486937,1,0,neutra
2022-02-08,0.46904,1,0,neutra
2022-02-09,0.484595,1,0,neutra
2022-02-10,0.510413,1,1,neutra
2022-02-11,0.572712,1,1,neutra
2022-02-14,0.48244,1,0,neutra
2022-02-15,0.371458,1,0,alta
2022-02-16,0.505285,0,0,neutra
2022-02-17,0.585686,0,0,neutra
2022-02-18,0.514949,0,0,neutra
2022-02-21,0.501959,1,1,neutra
2022-02-22,0.431725,0,1,neutra
2022-02-23,0.540442,0,0,neutra
2022-02-24,0.544849,1,1,neutra
2022-02-25,0.477865,0,1,neutra
2022-03-02,0.372908,0,1,alta
2022-03-03,0.491294,0,1,neutra
2022-03-04,0.48515,0,1,neutra
2022-03-07,0.59753,0,0,neutra
2022-03-08,0.44448,1,0,neutra
2022-03-09,0.350296,0,1,alta
2022-03-10,0.570672,0,0,neutra
2022-03-11,0.542938,0,0,neutra
2022-03-14,0.535415,0,0,neutra
2022-03-15,0.487715,1,0,neutra
2022-03-16,0.503542,1,1,neutra
2022-03-17,0.518829,1,1,neutra
2022-03-18,0.421516,1,0,neutra
2022-03-21,0.418971,1,0,neutra
2022-03-22,0.469149,1,0,neutra
2022-03-23,0.51251,1,1,neutra
2022-03-24,0.409769,1,0,neutra
2022-03-25,0.438028,0,1,neutra
2022-03-28,0.471962,1,0,neutra
2022-03-29,0.457437,1,0,neutra
2022-03-30,0.489959,0,1,neutra
2022-03-31,0.509529,1,1,neutra
2022-04-01,0.417927,0,1,neutra
2022-04-04,0.468733,0,1,neutra
2022-04-05,0.589024,0,0,neutra
2022-04-06,0.573669,1,1,neutra
2022-04-07,0.483819,0,1,neutra
2022-04-08,0.502531,0,0,neutra
2022-04-11,0.501023,0,0,neutra
2022-04-12,0.458691,1,0,neutra
2022-04-13,0.525443,0,0,neutra
2022-04-14,0.562572,0,0,neutra
2022-04-18,0.485718,0,1,neutra
2022-04-19,0.56879,0,0,neutra
2022-04-20,0.473996,0,1,neutra
2022-04-22,0.651302,0,0,alta
2022-04-25,0.570931,0,0,neutra
2022-04-26,0.686184,1,1,alta
2022-04-27,0.491114,1,0,neutra
2022-04-28,0.563478,0,0,neutra
2022-04-29,0.583079,0,0,neutra
2022-05-02,0.656826,0,0,alta
2022-05-03,0.462581,1,0,neutra
2022-05-04,0.334734,0,1,alta
2022-05-05,0.650411,0,0,alta
2022-05-06,0.511331,0,0,neutra
2022-05-09,0.592088,0,0,neutra
2022-05-10,0.513338,1,1,neutra
2022-05-11,0.408089,1,0,neutra
2022-05-12,0.447282,1,0,neutra
2022-05-13,0.491883,1,0,neutra
2022-05-16,0.407265,1,0,neutra
2022-05-17,0.455829,0,1,neutra
2022-05-18,0.585938,1,1,neutra
2022-05-19,0.329096,1,0,alta
2022-05-20,0.5268,1,1,neutra
2022-05-23,0.35738,1,0,alta
2022-05-24,0.439396,0,1,neutra
2022-05-25,0.512988,1,1,neutra
2022-05-26,0.443534,1,0,neutra
2022-05-27,0.512195,0,0,neutra
2022-05-30,0.552183,1,1,neutra
2022-05-31,0.537539,1,1,neutra
2022-06-01,0.512093,1,1,neutra
2022-06-02,0.408437,0,1,neutra
2022-06-03,0.563165,0,0,neutra
2022-06-06,0.539554,0,0,neutra
2022-06-07,0.523749,0,0,neutra
2022-06-08,0.61445,0,0,alta
2022-06-09,0.589724,0,0,neutra
2022-06-10,0.584741,0,0,neutra
2022-06-13,0.57081,0,0,neutra
2022-06-14,0.538908,1,1,neutra
2022-06-15,0.400112,0,1,neutra
2022-06-17,0.543818,1,1,neutra
2022-06-20,0.491086,0,1,neutra
2022-06-21,0.564373,0,0,neutra
2022-06-22,0.426869,0,1,neutra
2022-06-23,0.633474,1,1,alta
2022-06-24,0.572996,1,1,neutra
2022-06-27,0.500927,0,0,neutra
2022-06-28,0.543806,0,0,neutra
2022-06-29,0.475459,0,1,neutra
2022-06-30,0.462019,1,0,neutra
2022-07-01,0.535638,0,0,neutra
2022-07-04,0.529152,0,0,neutra
2022-07-05,0.557497,1,1,neutra
2022-07-06,0.44176,1,0,neutra
2022-07-07,0.431038,0,1,neutra
2022-07-08,0.461475,0,1,neutra
2022-07-11,0.577689,1,1,neutra
2022-07-12,0.549509,0,0,neutra
2022-07-13,0.510606,0,0,neutra
2022-07-14,0.594929,1,1,neutra
2022-07-15,0.424274,1,0,neutra
2022-07-18,0.487931,1,0,neutra
2022-07-19,0.473839,1,0,neutra
2022-07-20,0.564575,1,1,neutra
2022-07-21,0.514244,0,0,neutra
2022-07-22,0.464664,1,0,neutra
2022-07-25,0.412702,0,1,neutra
2022-07-26,0.499911,1,0,neutra
2022-07-27,0.39888,1,0,alta
2022-07-28,0.408888,1,0,neutra
2022-07-29,0.402437,0,1,neutra
2022-08-01,0.544333,1,1,neutra
2022-08-02,0.47861,1,0,neutra
2022-08-03,0.561612,1,1,neutra
2022-08-04,0.440143,1,0,neutra
2022-08-05,0.481747,1,0,neutra
2022-08-08,0.395143,1,0,alta
2022-08-09,0.47679,1,0,neutra
2022-08-10,0.353716,0,1,alta
2022-08-11,0.565759,1,1,neutra
2022-08-12,0.49541,1,0,neutra
2022-08-15,0.549667,1,1,neutra
2022-08-16,0.496968,1,0,neutra
2022-08-17,0.55746,1,1,neutra
2022-08-18,0.497841,0,1,neutra
2022-08-19,0.564035,0,0,neutra
2022-08-22,0.548174,1,1,neutra
2022-08-23,0.360376,1,0,alta
2022-08-24,0.477576,1,0,neutra
2022-08-25,0.560831,0,0,neutra
2022-08-26,0.577268,1,1,neutra
2022-08-29,0.436976,0,1,neutra
2022-08-30,0.587434,0,0,neutra
2022-08-31,0.57345,1,1,neutra
2022-09-01,0.522264,1,1,neutra
2022-09-02,0.428743,1,0,neutra
2022-09-05,0.46504,0,1,neutra
2022-09-06,0.507896,0,0,neutra
2022-09-08,0.481042,1,0,neutra
2022-09-09,0.42777,1,0,neutra
2022-09-12,0.433694,0,1,neutra
2022-09-13,0.629407,0,0,alta
2022-09-14,0.443424,0,1,neutra
2022-09-15,0.52387,0,0,neutra
2022-09-16,0.495682,1,0,neutra
2022-09-19,0.39319,1,0,alta
2022-09-20,0.506721,0,0,neutra
2022-09-21,0.445295,1,0,neutra
2022-09-22,0.430181,0,1,neutra
2022-09-23,0.623016,0,0,alta
2022-09-26,0.634208,0,0,alta
2022-09-27,0.562063,1,1,neutra
2022-09-28,0.355454,0,1,alta
2022-09-29,0.50635,1,1,neutra
2022-09-30,0.398512,1,0,alta
2022-10-03,0.334122,1,0,alta
2022-10-04,0.391093,1,0,alta
2022-10-05,0.518011,1,1,neutra
2022-10-06,0.577494,0,0,neutra
2022-10-07,0.501376,0,0,neutra
2022-10-10,0.457974,0,1,neutra
2022-10-11,0.509659,0,0,neutra
2022-10-13,0.426033,0,1,neutra
2022-10-14,0.623214,1,1,alta
2022-10-17,0.465608,1,0,neutra
2022-10-18,0.518847,1,1,neutra
2022-10-19,0.459807,1,0,neutra
2022-10-20,0.38785,1,0,alta
2022-10-21,0.394739,0,1,alta
2022-10-24,0.529252,0,0,neutra
2022-10-25,0.559523,0,0,neutra
2022-10-26,0.477705,1,0,neutra
2022-10-27,0.536736,0,0,neutra
2022-10-28,0.464733,1,0,neutra
2022-10-31,0.484891,1,0,neutra
2022-11-01,0.515793,0,0,neutra
2022-11-03,0.452206,1,0,neutra
2022-11-04,0.397153,0,1,alta
2022-11-07,0.61251,1,1,alta
2022-11-08,0.512362,0,0,neutra
2022-11-09,0.549534,0,0,neutra
2022-11-10,0.49321,1,0,neutra
2022-11-11,0.58162,1,1,neutra
2022-11-14,0.51333,0,0,neutra
2022-11-16,0.551657,0,0,neutra
2022-11-17,0.516607,0,0,neutra
2022-11-18,0.503559,1,1,neutra
2022-11-21,0.440345,0,1,neutra
2022-11-22,0.473136,0,1,neutra
2022-11-23,0.483394,1,0,neutra
2022-11-24,0.492321,0,1,neutra
2022-11-25,0.496944,0,1,neutra
2022-11-28,0.506946,1,1,neutra
2022-11-29,0.502991,1,1,neutra
2022-11-30,0.446806,0,1,neutra
2022-12-01,0.453074,1,0,neutra
2022-12-02,0.400901,0,1,neutra
2022-12-05,0.652155,1,1,alta
2022-12-06,0.490143,0,1,neutra
2022-12-07,0.417298,0,1,neutra
2022-12-08,0.566764,1,1,neutra
2022-12-09,0.576167,0,0,neutra
2022-12-12,0.598433,0,0,neutra
2022-12-13,0.524489,0,0,neutra
2022-12-14,0.500466,0,0,neutra
2022-12-15,0.511516,0,0,neutra
2022-12-16,0.496474,1,0,neutra
2022-12-19,0.406372,1,0,neutra
2022-12-20,0.334675,1,0,alta
2022-12-21,0.432002,1,0,neutra
2022-12-22,0.586415,1,1,neutra
2022-12-23,0.371653,0,1,alta
2022-12-26,0.517483,0,0,neutra
2022-12-27,0.531686,1,1,neutra
2022-12-28,0.445957,0,1,neutra
2022-12-29,0.434604,0,1,neutra
2023-01-02,0.496445,0,1,neutra
2023-01-03,0.545213,1,1,neutra
2023-01-04,0.563248,1,1,neutra
2023-01-05,0.457303,1,0,neutra
2023-01-06,0.408892,1,0,neutra
2023-01-09,0.494472,1,0,neutra
2023-01-10,0.446582,1,0,neutra
2023-01-11,0.48198,1,0,neutra
2023-01-12,0.433242,0,1,neutra
2023-01-13,0.50416,0,0,neutra
2023-01-16,0.510828,1,1,neutra
2023-01-17,0.483232,1,0,neutra
2023-01-18,0.520055,1,1,neutra
2023-01-19,0.504482,0,0,neutra
2023-01-20,0.561833,0,0,neutra
2023-01-23,0.54355,1,1,neutra
2023-01-24,0.487606,1,0,neutra
2023-01-25,0.457709,0,1,neutra
2023-01-26,0.508867,0,0,neutra
2023-01-27,0.560615,0,0,neutra
2023-01-30,0.493658,1,0,neutra
2023-01-31,0.434429,0,1,neutra
2023-02-01,0.53296,0,0,neutra
2023-02-02,0.582774,0,0,neutra
2023-02-03,0.543932,0,0,neutra
2023-02-06,0.526246,0,0,neutra
2023-02-07,0.510086,1,1,neutra
2023-02-08,0.514517,0,0,neutra
2023-02-09,0.554054,1,1,neutra
2023-02-10,0.501962,1,1,neutra
2023-02-13,0.422662,0,1,neutra
2023-02-14,0.486286,1,0,neutra
2023-02-15,0.43641,1,0,neutra
2023-02-16,0.558347,0,0,neutra
2023-02-17,0.465437,0,1,neutra
2023-02-22,0.448937,1,0,neutra
2023-02-23,0.483336,0,1,neutra
2023-02-24,0.53433,0,0,neutra
2023-02-27,0.469607,0,1,neutra
2023-02-28,0.495552,0,1,neutra
2023-03-01,0.555612,0,0,neutra
2023-03-02,0.486785,1,0,neutra
2023-03-03,0.500261,1,1,neutra
2023-03-06,0.505691,0,0,neutra
2023-03-07,0.544922,1,1,neutra
2023-03-08,0.399733,0,1,alta
2023-03-09,0.535453,0,0,neutra
2023-03-10,0.453331,0,1,neutra
2023-03-13,0.571369,0,0,neutra
2023-03-14,0.384795,0,1,alta
2023-03-15,0.667201,1,1,alta
2023-03-16,0.392025,0,1,alta
2023-03-17,0.568576,0,0,neutra
2023-03-20,0.400106,1,0,neutra
2023-03-21,0.453083,0,1,neutra
2023-03-22,0.494097,0,1,neutra
2023-03-23,0.57568,1,1,neutra
2023-03-24,0.510667,1,1,neutra
2023-03-27,0.385101,1,0,alta
2023-03-28,0.447416,1,0,neutra
2023-03-29,0.525863,1,1,neutra
2023-03-30,0.423306,0,1,neutra
2023-03-31,0.562893,0,0,neutra
2023-04-03,0.4742,1,0,neutra
2023-04-04,0.481332,0,1,neutra
2023-04-05,0.502475,0,0,neutra
2023-04-06,0.431672,0,1,neutra
2023-04-10,0.506435,1,1,neutra
2023-04-11,0.429742,1,0,neutra
2023-04-12,0.40843,0,1,neutra
2023-04-13,0.449434,0,1,neutra
2023-04-14,0.524696,0,0,neutra
2023-04-17,0.555932,1,1,neutra
2023-04-18,0.477854,0,1,neutra
2023-04-19,0.547721,1,1,neutra
2023-04-20,0.534428,0,0,neutra
2023-04-24,0.461623,0,1,neutra
2023-04-25,0.535949,0,0,neutra
2023-04-26,0.502357,1,1,neutra
2023-04-27,0.47234,1,0,neutra
2023-04-28,0.467428,0,1,neutra
2023-05-02,0.549962,0,0,neutra
2023-05-03,0.443993,1,0,neutra
2023-05-04,0.518798,1,1,neutra
2023-05-05,0.380447,1,0,alta
2023-05-08,0.487783,1,0,neutra
2023-05-09,0.495141,1,0,neutra
2023-05-10,0.448521,1,0,neutra
2023-05-11,0.509288,1,1,neutra
2023-05-12,0.4955,1,0,neutra
2023-05-15,0.509307,0,0,neutra
2023-05-16,0.552107,1,1,neutra
2023-05-17,0.461792,1,0,neutra
2023-05-18,0.582758,1,1,neutra
2023-05-19,0.496904,0,1,neutra
2023-05-22,0.581154,0,0,neutra
2023-05-23,0.508851,0,0,neutra
2023-05-24,0.539493,1,1,neutra
2023-05-25,0.472058,1,0,neutra
2023-05-26,0.477731,0,1,neutra
2023-05-29,0.510679,0,0,neutra
2023-05-30,0.526456,0,0,neutra
2023-05-31,0.487674,1,0,neutra
2023-06-01,0.373415,1,0,alta
2023-06-02,0.553907,1,1,neutra
2023-06-05,0.537852,1,1,neutra
2023-06-06,0.468639,1,0,neutra
2023-06-07,0.463631,0,1,neutra
2023-06-09,0.56478,1,1,neutra
2023-06-12,0.541991,0,0,neutra
2023-06-13,0.505718,1,1,neutra
2023-06-14,0.426269,1,0,neutra
2023-06-15,0.490457,0,1,neutra
2023-06-16,0.528948,1,1,neutra
2023-06-19,0.466289,0,1,neutra
2023-06-20,0.472011,1,0,neutra
2023-06-21,0.400422,0,1,neutra
2023-06-22,0.536097,1,1,neutra
2023-06-23,0.517938,0,0,neutra
2023-06-26,0.510702,0,0,neutra
2023-06-27,0.530789,0,0,neutra
2023-06-28,0.564885,1,1,neutra
2023-06-29,0.497603,0,1,neutra
2023-06-30,0.474294,1,0,neutra
2023-07-03,0.553154,0,0,neutra
2023-07-04,0.503003,1,1,neutra
2023-07-05,0.475571,0,1,neutra
2023-07-06,0.492509,1,0,neutra
2023-07-07,0.366615,0,1,alta
2023-07-10,0.495725,0,1,neutra
2023-07-11,0.545356,1,1,neutra
2023-07-12,0.381526,1,0,alta
2023-07-13,0.496548,0,1,neutra
2023-07-14,0.555661,1,1,neutra
2023-07-17,0.513762,0,0,neutra
2023-07-18,0.518978,0,0,neutra
2023-07-19,0.556626,1,1,neutra
2023-07-20,0.477919,1,0,neutra
2023-07-21,0.471702,1,0,neutra
2023-07-24,0.479433,1,0,neutra
2023-07-25,0.542063,1,1,neutra
2023-07-26,0.43154,0,1,neutra
2023-07-27,0.651939,1,1,alta
2023-07-28,0.492859,1,0,neutra
2023-07-31,0.538568,0,0,neutra
2023-08-01,0.605319,0,0,alta
2023-08-02,0.47653,0,1,neutra
2023-08-03,0.467863,0,1,neutra
2023-08-04,0.537973,0,0,neutra
2023-08-07,0.47262,0,1,neutra
2023-08-08,0.506503,0,0,neutra
2023-08-09,0.501861,0,0,neutra
2023-08-10,0.496126,0,1,neutra
2023-08-11,0.478932,0,1,neutra
2023-08-14,0.510025,0,0,neutra
2023-08-15,0.533763,0,0,neutra
2023-08-16,0.461421,0,1,neutra
2023-08-17,0.491631,1,0,neutra
2023-08-18,0.402853,0,1,neutra
2023-08-21,0.478493,1,0,neutra
2023-08-22,0.501677,1,1,neutra
2023-08-23,0.432731,0,1,neutra
2023-08-24,0.61651,0,0,alta
2023-08-25,0.459389,1,0,neutra
2023-08-28,0.510284,1,1,neutra
2023-08-29,0.490965,0,1,neutra
2023-08-30,0.494767,0,1,neutra
2023-08-31,0.572865,1,1,neutra
2023-09-01,0.52093,0,0,neutra
2023-09-04,0.536421,0,0,neutra
2023-09-05,0.458555,0,1,neutra
2023-09-06,0.534628,0,0,neutra
2023-09-08,0.449066,1,0,neutra
2023-09-11,0.428451,1,0,neutra
2023-09-12,0.460781,1,0,neutra
2023-09-13,0.479713,1,0,neutra
2023-09-14,0.528922,0,0,neutra
2023-09-15,0.537796,0,0,neutra
2023-09-18,0.457213,0,1,neutra
2023-09-19,0.491471,1,0,neutra
2023-09-20,0.453135,0,1,neutra
2023-09-21,0.507477,0,0,neutra
2023-09-22,0.549281,0,0,neutra
2023-09-25,0.502237,0,0,neutra
2023-09-26,0.488839,1,0,neutra
2023-09-27,0.530345,1,1,neutra
2023-09-28,0.399417,1,0,alta
2023-09-29,0.51668,0,0,neutra
2023-10-02,0.586979,0,0,neutra
2023-10-03,0.531983,1,1,neutra
2023-10-04,0.473568,0,1,neutra
2023-10-05,0.508981,1,1,neutra
2023-10-06,0.479324,1,0,neutra
2023-10-09,0.47175,1,0,neutra
2023-10-10,0.435133,1,0,neutra
2023-10-11,0.528712,0,0,neutra
2023-10-13,0.438891,1,0,neutra
2023-10-16,0.371459,0,1,alta
2023-10-17,0.554496,0,0,neutra
2023-10-18,0.54315,0,0,neutra
2023-10-19,0.387931,0,1,alta
2023-10-20,0.451916,0,1,neutra
2023-10-23,0.413658,1,0,neutra
2023-10-24,0.524851,0,0,neutra
2023-10-25,0.510387,1,1,neutra
2023-10-26,0.38794,0,1,alta
2023-10-27,0.584707,0,0,neutra
2023-10-30,0.474429,1,0,neutra
2023-10-31,0.481294,1,0,neutra
2023-11-01,0.527333,0,0,neutra
2023-11-03,0.493182,1,0,neutra
2023-11-06,0.612439,1,1,alta
2023-11-07,0.405438,0,1,neutra
2023-11-08,0.463001,0,1,neutra
2023-11-09,0.534632,1,1,neutra
2023-11-10,0.408522,0,1,neutra
2023-11-13,0.495547,1,0,neutra
2023-11-14,0.392185,0,1,alta
2023-11-16,0.475181,1,0,neutra
2023-11-17,0.410512,1,0,neutra
2023-11-20,0.480168,0,1,neutra
2023-11-21,0.538321,1,1,neutra
2023-11-22,0.513406,1,1,neutra
2023-11-23,0.507749,0,0,neutra
2023-11-24,0.454222,1,0,neutra
2023-11-27,0.465864,1,0,neutra
2023-11-28,0.444914,0,1,neutra
2023-11-29,0.449417,1,0,neutra
2023-11-30,0.55725,1,1,neutra
2023-12-01,0.433729,0,1,neutra
2023-12-04,0.519463,1,1,neutra
2023-12-05,0.442534,0,1,neutra
2023-12-06,0.560648,1,1,neutra
2023-12-07,0.417122,1,0,neutra
2023-12-08,0.47557,0,1,neutra
2023-12-11,0.516417,0,0,neutra
2023-12-12,0.543962,1,1,neutra
2023-12-13,0.381018,1,0,alta
2023-12-14,0.462482,0,1,neutra
2023-12-15,0.616305,1,1,alta
2023-12-18,0.460913,1,0,neutra
2023-12-19,0.475251,0,1,neutra
2023-12-20,0.602373,1,1,alta
2023-12-21,0.431476,1,0,neutra
2023-12-22,0.431266,0,1,neutra
2023-12-26,0.499974,1,0,neutra
2023-12-27,0.47523,0,1,neutra
2023-12-28,0.583955,0,0,neutra
2024-01-02,0.487954,1,0,neutra
2024-01-03,0.471431,0,1,neutra
2024-01-04,0.495544,1,0,neutra
2024-01-05,0.443145,1,0,neutra
2024-01-08,0.436724,0,1,neutra
2024-01-09,0.522784,0,0,neutra
2024-01-10,0.520765,0,0,neutra
2024-01-11,0.535322,1,1,neutra
2024-01-12,0.483304,1,0,neutra
2024-01-15,0.501386,0,0,neutra
2024-01-16,0.440361,0,1,neutra
2024-01-17,0.428385,0,1,neutra
2024-01-18,0.517328,1,1,neutra
2024-01-19,0.513146,0,0,neutra
2024-01-22,0.484934,1,0,neutra
2024-01-23,0.553388,0,0,neutra
2024-01-24,0.507745,1,1,neutra
2024-01-25,0.528995,1,1,neutra
2024-01-26,0.422351,0,1,neutra
2024-01-29,0.559481,0,0,neutra
2024-01-30,0.45489,1,0,neutra
2024-01-31,0.47224,1,0,neutra
2024-02-01,0.484673,0,1,neutra
2024-02-02,0.600816,1,1,alta
2024-02-05,0.50335,1,1,neutra
2024-02-06,0.479826,0,1,neutra
2024-02-07,0.516858,0,0,neutra
2024-02-08,0.556578,0,0,neutra
2024-02-09,0.477386,0,1,neutra
2024-02-14,0.424112,1,0,neutra
2024-02-15,0.475574,1,0,neutra
2024-02-16,0.557229,1,1,neutra
2024-02-19,0.484076,1,0,neutra
2024-02-20,0.47327,1,0,neutra
2024-02-21,0.494363,1,0,neutra
2024-02-22,0.553198,0,0,neutra
2024-02-23,0.503153,1,1,neutra
2024-02-26,0.453461,1,0,neutra
2024-02-27,0.450107,0,1,neutra
2024-02-28,0.526956,0,0,neutra
2024-02-29,0.515798,1,1,neutra
2024-03-01,0.507614,0,0,neutra
2024-03-04,0.515702,0,0,neutra
2024-03-05,0.447779,1,0,neutra
2024-03-06,0.476763,0,1,neutra
2024-03-07,0.424916,0,1,neutra
2024-03-08,0.558249,0,0,neutra
2024-03-11,0.503176,1,1,neutra
2024-03-12,0.520103,1,1,neutra
2024-03-13,0.48793,0,1,neutra
2024-03-14,0.552638,0,0,neutra
2024-03-15,0.46922,1,0,neutra
2024-03-18,0.544414,1,1,neutra
2024-03-19,0.474044,1,0,neutra
2024-03-20,0.441308,0,1,neutra
2024-03-21,0.585058,0,0,neutra
2024-03-22,0.503206,0,0,neutra
2024-03-25,0.458398,0,1,neutra
2024-03-26,0.505042,1,1,neutra
2024-03-27,0.46421,1,0,neutra
2024-03-28,0.4987,0,1,neutra
2024-04-01,0.465307,1,0,neutra
2024-04-02,0.492864,0,1,neutra
2024-04-03,0.407108,1,0,neutra
2024-04-04,0.52307,0,0,neutra
2024-04-05,0.465573,1,0,neutra
2024-04-08,0.460813,1,0,neutra
2024-04-09,0.481994,0,1,neutra
2024-04-10,0.621253,0,0,alta
2024-04-11,0.509076,0,0,neutra
2024-04-12,0.544374,0,0,neutra
2024-04-15,0.526884,0,0,neutra
2024-04-16,0.445338,0,1,neutra
2024-04-17,0.461539,1,0,neutra
2024-04-18,0.540149,1,1,neutra
2024-04-19,0.387947,1,0,alta
2024-04-22,0.520307,0,0,neutra
2024-04-23,0.46999,0,1,neutra
2024-04-24,0.594384,0,0,neutra
2024-04-25,0.442173,1,0,neutra
2024-04-26,0.520363,1,1,neutra
2024-04-29,0.48466,0,1,neutra
2024-04-30,0.56474,0,0,neutra
2024-05-02,0.428698,1,0,neutra
2024-05-03,0.449421,0,1,neutra
2024-05-06,0.492452,1,0,neutra
2024-05-07,0.4853,1,0,neutra
2024-05-08,0.459019,0,1,neutra
2024-05-09,0.501259,0,0,neutra
2024-05-10,0.565577,1,1,neutra
2024-05-13,0.500436,1,1,neutra
2024-05-14,0.495692,0,1,neutra
2024-05-15,0.461024,1,0,neutra
2024-05-16,0.507651,0,0,neutra
2024-05-17,0.483674,0,1,neutra
2024-05-20,0.520948,0,0,neutra
2024-05-21,0.45459,0,1,neutra
2024-05-22,0.518611,0,0,neutra
2024-05-23,0.507887,0,0,neutra
2024-05-24,0.411305,1,0,neutra
2024-05-27,0.533371,0,0,neutra
2024-05-28,0.485288,0,1,neutra
2024-05-29,0.475959,0,1,neutra
2024-05-31,0.482682,0,1,neutra
2024-06-03,0.53363,0,0,neutra
2024-06-04,0.467184,0,1,neutra
2024-06-05,0.493911,1,0,neutra
2024-06-06,0.459461,0,1,neutra
2024-06-07,0.530726,0,0,neutra
2024-06-10,0.513213,1,1,neutra
2024-06-11,0.491353,0,1,neutra
2024-06-12,0.487578,0,1,neutra
2024-06-13,0.518282,1,1,neutra
2024-06-14,0.488822,0,1,neutra
2024-06-17,0.443556,1,0,neutra
2024-06-18,0.502476,1,1,neutra
2024-06-19,0.525681,1,1,neutra
2024-06-20,0.474633,1,0,neutra
2024-06-21,0.427543,1,0,neutra
2024-06-24,0.434775,0,1,neutra
2024-06-25,0.496391,1,0,neutra
2024-06-26,0.542981,1,1,neutra
2024-06-27,0.420054,0,1,neutra
2024-06-28,0.522303,1,1,neutra
2024-07-01,0.514968,1,1,neutra
2024-07-02,0.491154,1,0,neutra
2024-07-03,0.485838,1,0,neutra
2024-07-04,0.491213,1,0,neutra
2024-07-05,0.476324,1,0,neutra
2024-07-08,0.460913,1,0,neutra
2024-07-09,0.498805,1,0,neutra
2024-07-10,0.486322,1,0,neutra
2024-07-11,0.492318,1,0,neutra
2024-07-12,0.463558,1,0,neutra
2024-07-15,0.474244,0,1,neutra
2024-07-16,0.476987,1,0,neutra
2024-07-17,0.457872,0,1,neutra
2024-07-18,0.530021,0,0,neutra
2024-07-19,0.473727,1,0,neutra
2024-07-22,0.459994,0,1,neutra
2024-07-23,0.523384,0,0,neutra
2024-07-24,0.471283,0,1,neutra
2024-07-25,0.413886,1,0,neutra
2024-07-26,0.46963,0,1,neutra
2024-07-29,0.564685,0,0,neutra
2024-07-30,0.472194,1,0,neutra
2024-07-31,0.517609,0,0,neutra
2024-08-01,0.492697,0,1,neutra
2024-08-02,0.334797,0,1,alta
2024-08-05,0.204107,1,0,alta
2024-08-06,0.602878,1,1,alta
2024-08-07,0.516394,1,1,neutra
2024-08-08,0.442001,1,0,neutra
2024-08-09,0.469145,1,0,neutra
2024-08-12,0.49996,1,0,neutra
2024-08-13,0.436702,1,0,neutra
2024-08-14,0.489995,1,0,neutra
2024-08-15,0.523203,0,0,neutra
2024-08-16,0.538783,1,1,neutra
2024-08-19,0.419918,1,0,neutra
2024-08-20,0.502,1,1,neutra
2024-08-21,0.48077,0,1,neutra
2024-08-22,0.575334,1,1,neutra
2024-08-23,0.459175,1,0,neutra
2024-08-26,0.478043,0,1,neutra
2024-08-27,0.496937,1,0,neutra
2024-08-28,0.500301,0,0,neutra
2024-08-29,0.535434,0,0,neutra
2024-08-30,0.546897,0,0,neutra
2024-09-02,0.485984,0,1,neutra
2024-09-03,0.48944,1,0,neutra
2024-09-04,0.354852,1,0,alta
2024-09-05,0.469065,0,1,neutra
2024-09-06,0.498931,1,0,neutra
2024-09-09,0.496334,0,1,neutra
2024-09-10,0.504121,1,1,neutra
2024-09-11,0.460212,0,1,neutra
2024-09-12,0.563214,1,1,neutra
2024-09-13,0.464443,1,0,neutra
2024-09-16,0.475378,0,1,neutra
2024-09-17,0.50465,0,0,neutra
2024-09-18,0.500503,0,0,neutra
2024-09-19,0.511083,0,0,neutra
2024-09-20,0.576523,0,0,neutra
2024-09-23,0.500943,1,1,neutra
2024-09-24,0.505699,0,0,neutra
2024-09-25,0.499076,1,0,neutra
2024-09-26,0.578245,0,0,neutra
2024-09-27,0.548552,0,0,neutra
2024-09-30,0.46642,1,0,neutra
2024-10-01,0.522054,1,1,neutra
2024-10-02,0.463613,0,1,neutra
2024-10-03,0.545547,1,1,neutra
2024-10-04,0.530935,1,1,neutra
2024-10-07,0.56119,0,0,neutra
2024-10-08,0.377925,0,1,alta
2024-10-09,0.516727,1,1,neutra
2024-10-10,0.519082,0,0,neutra
2024-10-11,0.48655,1,0,neutra
2024-10-14,0.490826,1,0,neutra
2024-10-15,0.470558,1,0,neutra
2024-10-16,0.462808,0,1,neutra
2024-10-17,0.485586,0,1,neutra
2024-10-18,0.518657,0,0,neutra
2024-10-21,0.494612,0,1,neutra
2024-10-22,0.460069,0,1,neutra
2024-10-23,0.523274,1,1,neutra
2024-10-24,0.434218,0,1,neutra
2024-10-25,0.493012,1,0,neutra
2024-10-28,0.51293,0,0,neutra
2024-10-29,0.51813,0,0,neutra
2024-10-30,0.463165,0,1,neutra
2024-10-31,0.482041,0,1,neutra
2024-11-01,0.497807,1,0,neutra
2024-11-04,0.451077,1,0,neutra
2024-11-05,0.474561,0,1,neutra
2024-11-06,0.558695,0,0,neutra
2024-11-07,0.483951,0,1,neutra
2024-11-08,0.52803,1,1,neutra
2024-11-11,0.473877,0,1,neutra
2024-11-12,0.445841,1,0,neutra
2024-11-13,0.449327,1,0,neutra
2024-11-14,0.457592,0,1,neutra
2024-11-18,0.474772,1,0,neutra
2024-11-19,0.494182,0,1,neutra
2024-11-21,0.476602,1,0,neutra
2024-11-22,0.45996,0,1,neutra
2024-11-25,0.488567,1,0,neutra
2024-11-26,0.476119,0,1,neutra
2024-11-27,0.513505,0,0,neutra
2024-11-28,0.495271,1,0,neutra
2024-11-29,0.451088,0,1,neutra
2024-12-02,0.538316,1,1,neutra
2024-12-03,0.521776,0,0,neutra
2024-12-04,0.469461,1,0,neutra
2024-12-05,0.414817,0,1,neutra
2024-12-06,0.526128,1,1,neutra
2024-12-09,0.480814,1,0,neutra
2024-12-10,0.513494,1,1,neutra
2024-12-11,0.477806,0,1,neutra
2024-12-12,0.606257,0,0,alta
2024-12-13,0.488835,0,1,neutra
2024-12-16,0.506487,1,1,neutra
2024-12-17,0.461562,0,1,neutra
2024-12-18,0.688724,1,1,alta
2024-12-19,0.427904,1,0,neutra
2024-12-20,0.394868,0,1,alta
2024-12-23,0.564356,0,0,neutra
2024-12-26,0.496512,0,1,neutra
2024-12-27,0.49908,1,0,neutra
2024-12-30,0.481975,0,1,neutra
2025-01-02,0.486556,0,1,neutra
2025-01-03,0.490873,1,0,neutra
2025-01-06,0.44198,1,0,neutra
2025-01-07,0.494784,0,1,neutra
2025-01-08,0.529257,1,1,neutra
2025-01-09,0.469339,0,1,neutra
2025-01-10,0.467665,1,0,neutra
2025-01-13,0.453784,1,0,neutra
2025-01-14,0.460663,1,0,neutra
2025-01-15,0.404022,0,1,neutra
2025-01-16,0.5457,1,1,neutra
2025-01-17,0.481622,1,0,neutra
2025-01-20,0.521676,1,1,neutra
2025-01-21,0.501034,0,0,neutra
2025-01-22,0.499717,0,1,neutra
2025-01-23,0.473106,0,1,neutra
2025-01-24,0.487617,1,0,neutra
2025-01-27,0.490435,0,1,neutra
2025-01-28,0.487016,0,1,neutra
2025-01-29,0.514794,1,1,neutra
2025-01-30,0.433776,0,1,neutra
2025-01-31,0.535473,0,0,neutra
2025-02-03,0.476106,0,1,neutra
2025-02-04,0.517227,1,1,neutra
2025-02-05,0.473273,1,0,neutra
2025-02-06,0.521332,0,0,neutra
2025-02-07,0.543776,1,1,neutra
2025-02-10,0.506158,1,1,neutra
2025-02-11,0.457923,0,1,neutra
2025-02-12,0.573137,1,1,neutra
2025-02-13,0.492512,1,0,neutra
2025-02-14,0.440493,1,0,neutra
2025-02-17,0.498795,0,1,neutra
2025-02-18,0.533562,0,0,neutra
2025-02-19,0.538766,1,1,neutra
2025-02-20,0.419332,0,1,neutra
2025-02-21,0.608267,0,0,alta
2025-02-24,0.508338,1,1,neutra
2025-02-25,0.452607,0,1,neutra
2025-02-26,0.561423,1,1,neutra
2025-02-27,0.518946,0,0,neutra
2025-02-28,0.415941,0,1,neutra
2025-03-05,0.52043,1,1,neutra
2025-03-06,0.492917,1,0,neutra
2025-03-07,0.405249,0,1,neutra
2025-03-10,0.509037,0,0,neutra
2025-03-11,0.452441,1,0,neutra
2025-03-12,0.487313,1,0,neutra
2025-03-13,0.459764,1,0,neutra
2025-03-14,0.443961,1,0,neutra
2025-03-17,0.492687,1,0,neutra
2025-03-18,0.53415,1,1,neutra
2025-03-19,0.484848,0,1,neutra
2025-03-20,0.494247,1,0,neutra
2025-03-21,0.470195,0,1,neutra
2025-03-24,0.518496,1,1,neutra
2025-03-25,0.445531,1,0,neutra
2025-03-26,0.54923,1,1,neutra
2025-03-27,0.436592,0,1,neutra
2025-03-28,0.45828,0,1,neutra
2025-03-31,0.392468,1,0,alta
2025-04-01,0.508583,1,1,neutra
2025-04-02,0.481641,0,1,neutra
2025-04-03,0.320454,0,1,alta
2025-04-04,0.548529,0,0,neutra
2025-04-07,0.320413,0,1,alta
2025-04-08,0.616998,1,1,alta
2025-04-09,0.443549,0,1,neutra
2025-04-10,0.716059,1,1,alta
2025-04-11,0.405571,1,0,neutra
2025-04-14,0.560241,0,0,neutra
2025-04-15,0.564944,0,0,neutra
2025-04-16,0.379033,1,0,alta
2025-04-17,0.514019,0,0,neutra
2025-04-22,0.533727,1,1,neutra
2025-04-23,0.612468,1,1,alta
2025-04-24,0.414948,1,0,neutra
2025-04-25,0.527151,1,1,neutra
2025-04-28,0.455107,1,0,neutra
2025-04-29,0.512708,0,0,neutra
2025-04-30,0.461636,0,1,neutra
2025-05-02,0.478913,0,1,neutra
2025-05-05,0.496084,1,0,neutra
2025-05-06,0.435666,0,1,neutra
2025-05-07,0.483532,1,0,neutra
2025-05-08,0.547759,1,1,neutra
2025-05-09,0.529707,1,1,neutra
2025-05-12,0.689456,1,1,alta
2025-05-13,0.429833,0,1,neutra
2025-05-14,0.559772,1,1,neutra
2025-05-15,0.443274,0,1,neutra
2025-05-16,0.493995,1,0,neutra
2025-05-19,0.438844,1,0,neutra
2025-05-20,0.480377,0,1,neutra
2025-05-21,0.508599,0,0,neutra
2025-05-22,0.48716,1,0,neutra
2025-05-23,0.440978,1,0,neutra
2025-05-26,0.511591,1,1,neutra
2025-05-27,0.527302,0,0,neutra
2025-05-28,0.509763,0,0,neutra
2025-05-29,0.519266,0,0,neutra
2025-05-30,0.461913,0,1,neutra
2025-06-02,0.45047,1,0,neutra
2025-06-03,0.557861,0,0,neutra
2025-06-04,0.499185,0,1,neutra
2025-06-05,0.521774,0,0,neutra
2025-06-06,0.497021,0,1,neutra
2025-06-09,0.508102,1,1,neutra
2025-06-10,0.461287,1,0,neutra
2025-06-11,0.435029,1,0,neutra
2025-06-12,0.376961,0,1,alta
2025-06-13,0.459844,1,0,neutra
2025-06-16,0.466047,0,1,neutra
2025-06-17,0.550726,0,0,neutra
2025-06-18,0.452911,0,1,neutra
2025-06-20,0.496553,0,1,neutra
2025-06-23,0.424149,1,0,neutra
2025-06-24,0.488658,0,1,neutra
2025-06-25,0.468908,1,0,neutra
2025-06-26,0.442906,0,1,neutra
2025-06-27,0.513329,1,1,neutra
2025-06-30,0.411783,1,0,neutra
2025-07-01,0.440453,0,1,neutra
2025-07-02,0.472354,1,0,neutra
2025-07-03,0.498658,1,0,neutra
2025-07-04,0.403437,0,1,neutra
2025-07-07,0.503043,0,0,neutra
2025-07-08,0.638585,0,0,alta
2025-07-09,0.493681,0,1,neutra
2025-07-10,0.537407,0,0,neutra
2025-07-11,0.525478,0,0,neutra
2025-07-14,0.527407,0,0,neutra
2025-07-15,0.545119,1,1,neutra
2025-07-16,0.423266,1,0,neutra
2025-07-17,0.510756,0,0,neutra
2025-07-18,0.486172,1,0,neutra
2025-07-21,0.442168,0,1,neutra
2025-07-22,0.421053,1,0,neutra
2025-07-23,0.541463,0,0,neutra
2025-07-24,0.540982,0,0,neutra
2025-07-25,0.4563,0,1,neutra
2025-07-28,0.53538,1,1,neutra
2025-07-29,0.49622,1,0,neutra
2025-07-30,0.511137,0,0,neutra
2025-07-31,0.352577,0,1,alta
2025-08-01,0.316002,1,0,alta
2025-08-04,0.450474,1,0,neutra
2025-08-05,0.470745,1,0,neutra
2025-08-06,0.414067,1,0,neutra
2025-08-07,0.490759,0,1,neutra
2025-08-08,0.454773,0,1,neutra
2025-08-11,0.495615,1,0,neutra
2025-08-12,0.419694,0,1,neutra
2025-08-13,0.534301,0,0,neutra
2025-08-14,0.498767,0,1,neutra
2025-08-15,0.461958,1,0,neutra
2025-08-18,0.480451,0,1,neutra
2025-08-19,0.486267,1,0,neutra
2025-08-20,0.458067,0,1,neutra
2025-08-21,0.524324,1,1,neutra
2025-08-22,0.418188,1,0,neutra
2025-08-25,0.609257,0,0,alta
2025-08-26,0.427136,1,0,neutra
2025-08-27,0.466832,1,0,neutra
2025-08-28,0.444776,1,0,neutra
2025-08-29,0.486693,0,1,neutra
2025-09-01,0.487606,0,1,neutra
2025-09-02,0.499449,0,1,neutra
2025-09-03,0.457356,1,0,neutra
2025-09-04,0.494448,1,0,neutra
2025-09-05,0.452412,0,1,neutra
2025-09-08,0.529502,0,0,neutra
2025-09-09,0.539836,1,1,neutra
2025-09-10,0.544972,1,1,neutra
2025-09-11,0.503377,0,0,neutra
2025-09-12,0.544093,1,1,neutra
2025-09-15,0.530992,1,1,neutra
2025-09-16,0.447396,1,0,neutra
2025-09-17,0.460167,0,1,neutra
2025-09-18,0.548995,1,1,neutra
2025-09-19,0.479262,0,1,neutra
2025-09-22,0.494301,1,0,neutra
2025-09-23,0.46154,1,0,neutra
2025-09-24,0.532489,0,0,neutra
2025-09-25,0.502788,1,1,neutra
2025-09-26,0.370795,1,0,alta
2025-09-29,0.529933,0,0,neutra
2025-09-30,0.483366,0,1,neutra
2025-10-01,0.486004,0,1,neutra
2025-10-02,0.561646,1,1,neutra
2025-10-03,0.49473,0,1,neutra
2025-10-06,0.551228,0,0,neutra
2025-10-07,0.540581,1,1,neutra
2025-10-08,0.489173,0,1,neutra
2025-10-09,0.526421,0,0,neutra
2025-10-10,0.381637,1,0,alta
2025-10-13,0.482186,0,1,neutra
2025-10-14,0.433653,1,0,neutra
2025-10-15,0.509616,0,0,neutra
2025-10-16,0.561918,1,1,neutra
2025-10-17,0.317558,1,0,alta
2025-10-20,0.547082,0,0,neutra
2025-10-21,0.468674,1,0,neutra
2025-10-22,0.445489,1,0,neutra
2025-10-23,0.453359,1,0,neutra
2025-10-24,0.506531,1,1,neutra
2025-10-27,0.543261,1,1,neutra
2025-10-28,0.450797,1,0,neutra
2025-10-29,0.552066,1,1,neutra
2025-10-30,0.432304,1,0,neutra
2025-10-31,0.504572,1,1,neutra
2025-11-03,0.51445,1,1,neutra
2025-11-04,0.438918,1,0,neutra
2025-11-05,0.38346,1,0,alta
2025-11-06,0.476887,1,0,neutra
2025-11-07,0.414933,1,0,neutra
2025-11-10,0.591496,1,1,neutra
2025-11-11,0.5013,0,0,neutra
2025-11-12,0.5194,0,0,neutra
2025-11-13,0.479901,1,0,neutra
2025-11-14,0.410969,0,1,neutra
2025-11-17,0.540452,0,0,neutra
2025-11-18,0.400364,0,1,neutra
2025-11-19,0.49825,0,1,neutra
2025-11-21,0.354829,1,0,alta
2025-11-24,0.497688,1,0,neutra
2025-11-25,0.457653,1,0,neutra
2025-11-26,0.540791,0,0,neutra
2025-11-27,0.514867,1,1,neutra
2025-11-28,0.467961,0,1,neutra
2025-12-01,0.475208,1,0,neutra
2025-12-02,0.482552,1,0,neutra
2025-12-03,0.476136,1,0,neutra
2025-12-04,0.526792,0,0,neutra
2025-12-05,0.568748,1,1,neutra
2025-12-08,0.51752,0,0,neutra
2025-12-09,0.497507,1,0,neutra
2025-12-10,0.462336,1,0,neutra
2025-12-11,0.451869,1,0,neutra
2025-12-12,0.51856,1,1,neutra
2025-12-15,0.448777,0,1,neutra
2025-12-16,0.459456,0,1,neutra
2025-12-17,0.53687,1,1,neutra
2025-12-18,0.508675,1,1,neutra
2025-12-19,0.536695,0,0,neutra
2025-12-22,0.546461,1,1,neutra
2025-12-23,0.48997,0,1,neutra
2025-12-26,0.50536,0,0,neutra
2025-12-29,0.52753,1,1,neutra
2025-12-30,0.524766,0,0,neutra
2026-01-02,0.532941,1,1,neutra
2026-01-05,0.573547,1,1,neutra
2026-01-06,0.56028,0,0,neutra
2026-01-07,0.508339,1,1,neutra
2026-01-08,0.492011,1,0,neutra
2026-01-09,0.548853,0,0,neutra
2026-01-12,0.534052,0,0,neutra
2026-01-13,0.571585,1,1,neutra
2026-01-14,0.50102,1,1,neutra
2026-01-15,0.475747,0,1,neutra
2026-01-16,0.514746,1,1,neutra
2026-01-19,0.474288,1,0,neutra
2026-01-20,0.453957,1,0,neutra
2026-01-21,0.460748,1,0,neutra
2026-01-22,0.499527,1,0,neutra
2026-01-23,0.514055,0,0,neutra
2026-01-26,0.471723,1,0,neutra
2026-01-27,0.569653,1,1,neutra
2026-01-28,0.581265,0,0,neutra
2026-01-29,0.550362,0,0,neutra
2026-01-30,0.564583,1,1,neutra
2026-02-02,0.415777,1,0,neutra
2026-02-03,0.613688,0,0,alta
2026-02-04,0.605163,1,1,alta
2026-02-05,0.491932,1,0,neutra
2026-02-06,0.563092,1,1,neutra
2026-02-09,0.566787,0,0,neutra
2026-02-10,0.577565,1,1,neutra
2026-02-11,0.522773,0,0,neutra
2026-02-12,0.594206,0,0,neutra
2026-02-13,0.507932,0,0,neutra
2026-02-18,0.616659,1,1,alta
2026-02-19,0.553104,1,1,neutra
2026-02-20,0.543401,0,0,neutra
2026-02-23,0.545135,1,1,neutra
2026-02-24,0.489548,0,1,neutra
2026-02-25,0.557274,0,0,neutra
2026-02-26,0.529309,0,0,neutra
2026-02-27,0.531468,1,1,neutra
2026-03-02,0.570388,0,0,neutra
2026-03-03,0.537877,1,1,neutra
2026-03-04,0.332857,0,1,alta
2026-03-05,0.734365,0,0,alta
2026-03-06,0.614352,1,1,alta
2026-03-09,0.435458,1,0,neutra
2026-03-10,0.482745,1,0,neutra
2026-03-11,0.56462,0,0,neutra
2026-03-12,0.570754,0,0,neutra
2026-03-13,0.476823,1,0,neutra
2026-03-16,0.466131,1,0,neutra
2026-03-17,0.547826,0,0,neutra
2026-03-18,0.625816,1,1,alta
2026-03-19,0.349415,0,1,alta
2026-03-20,0.509868,1,1,neutra
2026-03-23,0.353732,1,0,alta
2026-03-24,0.599417,1,1,neutra
2026-03-25,0.565119,0,0,neutra
2026-03-26,0.469383,0,1,neutra
2026-03-27,0.514545,1,1,neutra
2026-03-30,0.446117,1,0,neutra
2026-03-31,0.487832,1,0,neutra
2026-04-01,0.606737,1,1,alta
2026-04-02,0.485383,0,1,neutra
2026-04-06,0.53094,1,1,neutra
2026-04-07,0.542082,1,1,neutra
2026-04-08,0.610557,1,1,alta
2026-04-09,0.485852,1,0,neutra
2026-04-10,0.551316,1,1,neutra
2026-04-13,0.551974,1,1,neutra
2026-04-14,0.606558,0,0,alta
2026-04-15,0.575636,0,0,neutra
2026-04-16,0.606304,0,0,alta
2026-04-17,0.52855,1,1,neutra
2026-04-20,0.552934,0,0,neutra
2026-04-22,0.516551,0,0,neutra
2026-04-23,0.509062,0,0,neutra
2026-04-24,0.503304,0,0,neutra
2026-04-27,0.529233,0,0,neutra
2026-04-28,0.456792,0,1,neutra
2026-04-29,0.537974,1,1,neutra
2026-04-30,0.450921,0,1,neutra
2026-05-04,0.503947,1,1,neutra
2026-05-05,0.521453,1,1,neutra
2026-05-06,0.582094,0,0,neutra
2026-05-07,0.516024,1,1,neutra
2026-05-08,0.486115,0,1,neutra
2026-05-11,0.572418,0,0,neutra
2026-05-12,0.455559,0,1,neutra
2026-05-13,0.514584,1,1,neutra
2026-05-14,0.497777,0,1,neutra
2026-05-15,0.377925,0,1,alta
2026-05-18,0.458723,0,1,neutra
2026-05-19,0.463589,1,0,neutra
2026-05-20,0.487551,1,0,neutra
2026-05-21,0.589096,0,0,neutra
2026-05-22,0.537552,1,1,neutra
2026-05-25,0.51115,0,0,neutra
2026-05-26,0.516789,0,0,neutra
2026-05-27,0.479741,0,1,neutra
2026-05-28,0.464061,0,1,neutra
2026-05-29,0.532139,0,0,neutra
2026-06-01,0.548746,1,1,neutra
2026-06-02,0.482532,0,1,neutra
2026-06-03,0.473381,0,1,neutra
2026-06-05,0.48994,0,1,neutra
2026-06-08,0.307774,1,0,alta
2026-06-09,0.53525,0,0,neutra
2026-06-10,0.430011,1,0,neutra
2026-06-11,0.501578,0,0,neutra
2026-06-12,0.580611,0,0,neutra
2026-06-15,0.577113,0,0,neutra
2026-06-16,0.467317,0,1,neutra
2026-06-17,0.525511,0,0,neutra
2026-06-18,0.476804,1,0,neutra
2026-06-19,0.452313,1,0,neutra
2026-06-22,0.470336,1,0,neutra
2026-06-23,0.383778,0,1,alta
2026-06-24,0.458823,1,0,neutra
2026-06-25,0.538186,1,1,neutra
2026-06-26,0.393444,0,1,alta
2026-06-29,0.50933,0,0,neutra
2026-06-30,0.522958,0,0,neutra
2026-07-01,0.458026,1,0,neutra
2026-07-02,0.395977,1,0,alta
2026-07-03,0.519859,0,0,neutra
2026-07-06,0.512255,0,0,neutra
2026-07-07,0.429965,0,1,neutra
2026-07-08,0.445141,1,0,neutra
2026-07-09,0.477767,1,0,neutra
2026-07-10,0.481181,0,1,neutra
2026-07-13,0.498836,1,0,neutra
2026-07-14,0.512256,0,0,neutra
2026-07-15,0.519358,0,0,neutra
2026-07-16,0.472703,0,1,neutra
2026-07-17,0.483106,0,1,neutra
2026-07-20,0.519569,0,0,neutra
2026-07-21,0.527014,1,1,neutra
2026-07-22,0.486849,0,1,neutra
2026-07-23,0.527206,0,0,neutra
2026-07-24,0.482074,1,0,neutra
2026-07-27,0.49341,1,0,neutra
2026-07-28,0.4274,0,1,neutra
2026-07-29,0.47109,1,0,neutra
2026-07-30,0.476827,1,0,neutra
2026-07-31,0.58003,1,1,neutra
2026-08-03,0.525317,0,0,neutra
2026-08-04,0.559343,0,0,neutra
2026-08-05,0.520069,0,0,neutra
2026-08-06,0.494668,0,1,neutra
2026-08-07,0.522493,0,0,neutra
